tick,lap,progress,speed,to_middle,moving_angle,steering,throttle,brake,collided,elapsed_ms
1,1,0.4,0.0,0.000,0.0,-0.008,1.000,0.000,false,0
2,1,0.4,-0.0,0.010,47.6,-0.220,1.000,0.000,false,80
3,1,0.4,-0.0,0.010,0.4,-0.011,1.000,0.000,false,198
4,1,0.4,-0.0,0.010,47.6,-0.220,1.000,0.000,false,297
5,1,0.4,-0.0,0.010,47.6,-0.220,1.000,0.000,false,406
6,1,0.4,-0.0,0.010,47.6,-0.220,1.000,0.000,false,518
7,1,0.4,0.0,0.010,47.6,-0.220,1.000,0.000,false,625
8,1,0.4,0.0,0.010,-8.7,0.030,1.000,0.000,false,739
9,1,0.4,0.0,0.010,47.6,-0.220,1.000,0.000,false,842
10,1,0.4,0.0,0.010,47.6,-0.220,1.000,0.000,false,957
11,1,0.4,0.0,0.010,47.6,-0.220,1.000,0.000,false,1062
12,1,0.4,0.0,0.010,47.6,-0.220,1.000,0.000,false,1177
13,1,0.4,0.0,0.010,47.6,-0.220,1.000,0.000,false,1282
14,1,0.4,0.0,0.010,47.6,-0.220,1.000,0.000,false,1394
15,1,0.4,0.0,0.010,47.6,-0.220,1.000,0.000,false,1503
16,1,0.4,0.0,0.010,47.6,-0.220,1.000,0.000,false,1614
17,1,0.4,0.0,0.010,47.6,-0.220,1.000,0.000,false,1726
18,1,0.4,0.0,0.010,47.6,-0.220,1.000,0.000,false,1834
19,1,0.4,0.0,0.010,47.6,-0.220,1.000,0.000,false,1948
20,1,0.4,0.0,0.010,47.6,-0.220,1.000,0.000,false,2056
21,1,0.4,0.0,0.010,47.6,-0.220,1.000,0.000,false,2162
22,1,0.4,0.0,0.010,47.6,-0.220,1.000,0.000,false,2273
23,1,0.4,0.0,0.010,47.6,-0.220,1.000,0.000,false,2383
24,1,0.4,0.0,0.010,47.6,-0.220,1.000,0.000,false,2492
25,1,0.4,0.0,0.010,47.6,-0.220,1.000,0.000,false,2606
26,1,0.4,0.0,0.010,47.6,-0.220,1.000,0.000,false,2713
27,1,0.4,0.0,0.010,47.6,-0.220,1.000,0.000,false,2823
28,1,0.4,0.0,0.010,47.6,-0.220,1.000,0.000,false,2932
29,1,0.4,0.0,0.010,47.6,-0.220,1.000,0.000,false,3048
30,1,0.4,0.0,0.010,47.6,-0.220,1.000,0.000,false,3157
31,1,0.4,0.0,0.010,47.6,-0.220,1.000,0.000,false,3265
32,1,0.4,0.0,0.010,47.6,-0.220,1.000,0.000,false,3376
33,1,0.4,0.0,0.010,47.6,-0.220,1.000,0.000,false,3485
34,1,0.4,0.0,0.010,47.6,-0.220,1.000,0.000,false,3595
35,1,0.4,0.0,0.010,47.6,-0.220,1.000,0.000,false,3705
36,1,0.4,0.0,0.010,47.6,-0.220,1.000,0.000,false,3816
37,1,0.4,0.0,0.010,47.6,-0.220,1.000,0.000,false,3932
38,1,0.4,0.0,0.010,47.6,-0.220,1.000,0.000,false,4038
39,1,0.4,0.0,0.010,47.6,-0.220,1.000,0.000,false,4164
40,1,0.4,0.0,0.010,47.6,-0.220,1.000,0.000,false,4259
41,1,0.4,0.0,0.010,47.6,-0.220,1.000,0.000,false,4369
42,1,0.4,0.0,0.010,47.6,-0.220,1.000,0.000,false,4481
43,1,0.4,0.0,0.010,47.6,-0.220,1.000,0.000,false,4682
44,1,0.4,0.0,0.010,47.6,-0.220,1.000,0.000,false,4756
45,1,0.4,0.0,0.010,47.6,-0.220,1.000,0.000,false,4872
46,1,0.4,0.0,0.010,47.6,-0.220,1.000,0.000,false,4987
47,1,0.4,0.0,0.010,47.6,-0.220,1.000,0.000,false,6291
48,1,0.4,-0.0,0.010,47.6,-0.220,1.000,0.000,false,6474
49,1,0.4,5.7,-0.000,-3.6,0.008,1.000,0.000,false,7024
50,1,0.4,7.8,-0.010,-0.1,-0.008,1.000,0.000,false,7155
51,1,0.4,9.7,0.000,1.2,-0.014,1.000,0.000,false,7273
52,1,0.4,11.6,0.010,1.0,-0.013,1.000,0.000,false,7382
53,1,0.4,13.5,0.010,0.9,-0.013,1.000,0.000,false,7493
54,1,0.4,14.0,0.020,0.8,-0.013,1.000,0.000,false,7610
55,1,0.4,15.4,0.020,0.8,-0.013,1.000,0.000,false,7710
56,1,0.4,16.9,0.030,0.7,-0.013,1.000,0.000,false,7819
57,1,0.4,19.2,0.040,0.6,-0.012,1.000,0.000,false,8004
58,1,0.4,21.3,0.040,0.5,-0.012,1.000,0.000,false,8149
59,1,0.4,22.2,0.050,0.4,-0.012,1.000,0.000,false,8242
60,1,0.4,24.2,0.050,0.3,-0.011,1.000,0.000,false,8353
61,1,0.4,26.4,0.060,0.2,-0.011,1.000,0.000,false,8469
62,1,0.4,28.4,0.060,0.1,-0.011,1.000,0.000,false,8573
63,1,0.4,30.5,0.060,0.1,-0.011,1.000,0.000,false,8683
64,1,0.4,32.2,0.060,-0.0,-0.010,1.000,0.000,false,8792
65,1,0.8,34.2,0.070,1.5,-0.013,1.000,0.000,false,8907
66,1,0.8,36.2,0.100,1.4,-0.013,1.000,0.000,false,9022
67,1,0.8,36.7,0.120,1.3,-0.014,1.000,0.000,false,9121
68,1,0.8,38.6,0.150,1.2,-0.014,1.000,0.000,false,9232
69,1,0.8,40.5,0.170,1.1,-0.014,1.000,0.000,false,9345
70,1,0.8,42.4,0.190,1.0,-0.015,1.000,0.000,false,9456
71,1,0.8,44.3,0.210,0.9,-0.015,1.000,0.000,false,9563
72,1,0.8,46.5,0.230,0.7,-0.014,1.000,0.000,false,9698
73,1,1.2,48.4,0.270,1.6,-0.016,1.000,0.000,false,9814
74,1,1.2,50.2,0.310,1.5,-0.017,1.000,0.000,false,9928
75,1,1.2,51.8,0.350,1.4,-0.018,1.000,0.000,false,10033
76,1,1.2,53.6,0.380,1.2,-0.018,1.000,0.000,false,10144
77,1,1.2,55.4,0.410,1.1,-0.018,1.000,0.000,false,10256
78,1,1.2,57.1,0.440,1.0,-0.019,1.000,0.000,false,10361
79,1,1.5,58.6,0.470,1.3,-0.016,1.000,0.000,false,10469
80,1,1.5,60.4,0.500,1.1,-0.016,1.000,0.000,false,10580
81,1,1.5,62.1,0.530,1.0,-0.016,1.000,0.000,false,10690
82,1,1.5,63.8,0.560,0.8,-0.016,1.000,0.000,false,10804
83,1,1.5,65.6,0.590,0.7,-0.017,1.000,0.000,false,10909
84,1,1.9,67.0,0.600,0.4,-0.010,1.000,0.000,false,11017
85,1,1.9,68.7,0.610,0.3,-0.010,1.000,0.000,false,11128
86,1,1.9,70.4,0.620,0.2,-0.010,1.000,0.000,false,11241
87,1,1.9,72.1,0.620,0.0,-0.009,1.000,0.000,false,11353
88,1,1.9,73.8,0.620,-0.1,-0.009,1.000,0.000,false,11460
89,1,2.3,75.5,0.600,-0.8,-0.001,1.000,0.000,false,11571
90,1,2.3,76.9,0.570,-0.9,0.001,1.000,0.000,false,11680
91,1,2.3,78.5,0.530,-0.9,0.002,1.000,0.000,false,11792
92,1,2.3,80.2,0.490,-1.0,0.004,1.000,0.000,false,11904
93,1,2.7,81.8,0.430,-2.1,0.019,0.833,0.000,false,12016
94,1,2.7,83.4,0.330,-2.1,0.022,0.779,0.000,false,12126
95,1,2.7,85.0,0.240,-2.0,0.024,0.727,0.000,false,12234
96,1,2.7,86.5,0.150,-1.9,0.027,0.677,0.000,false,12345
97,1,3.1,87.7,0.050,-3.6,0.046,0.557,0.000,false,12454
98,1,3.1,89.0,-0.110,-3.3,0.050,0.513,0.000,false,12565
99,1,3.1,90.2,-0.260,-3.0,0.054,0.474,0.000,false,12672
100,1,3.1,91.0,-0.380,-2.5,0.055,0.448,0.000,false,12780
101,1,3.5,91.0,-0.590,-4.8,0.080,0.392,0.000,false,12895
102,1,3.5,90.9,-0.770,-4.2,0.084,0.396,0.000,false,13001
103,1,3.5,90.8,-0.950,-3.5,0.086,0.401,0.000,false,13112
104,1,3.9,90.4,-1.110,-6.7,0.113,0.439,0.000,false,13225
105,1,3.9,88.8,-1.390,-5.8,0.118,0.492,0.000,false,13331
106,1,3.9,87.1,-1.620,-4.7,0.121,0.551,0.000,false,13443
107,1,3.9,85.3,-1.790,-3.6,0.121,0.608,0.000,false,13555
108,1,4.3,83.9,-1.960,-8.2,0.149,0.708,0.000,false,13664
109,1,4.3,82.4,-2.280,-7.0,0.154,0.760,0.000,false,13774
110,1,4.3,81.0,-2.530,-5.6,0.156,0.807,0.000,false,13889
111,1,4.3,79.8,-2.710,-4.1,0.155,0.848,0.000,false,14001
112,1,4.7,78.7,-2.900,-10.0,0.181,0.989,0.000,false,14114
113,1,4.7,78.6,-3.260,-8.3,0.185,0.994,0.000,false,14227
114,1,4.7,78.8,-3.530,-6.4,0.185,0.988,0.000,false,14333
115,1,4.7,79.1,-3.720,-4.4,0.182,0.975,0.000,false,14441
116,1,4.7,79.7,-3.820,-2.5,0.177,0.958,0.000,false,14552
117,1,5.0,80.0,-4.100,-7.2,0.200,1.000,0.000,false,14663
118,1,5.0,81.1,-4.320,-5.0,0.197,0.963,0.000,false,14771
119,1,5.0,82.1,-4.450,-2.8,0.192,0.930,0.000,false,14882
120,1,5.0,82.5,-4.480,-0.6,0.183,0.917,0.000,false,14994
121,1,5.4,83.6,-4.590,-3.7,0.195,0.826,0.000,false,15105
122,1,5.4,84.6,-4.660,-1.6,0.188,0.794,0.000,false,15215
123,1,5.4,85.6,-4.630,0.5,0.178,0.759,0.000,false,15326
124,1,5.4,86.7,-4.500,2.8,0.164,0.725,0.000,false,15437
125,1,5.8,87.6,-4.420,0.5,0.171,0.372,0.000,false,15547
126,1,5.8,88.5,-4.290,2.7,0.157,0.344,0.000,false,15658
127,1,5.8,88.5,-4.060,4.9,0.139,0.344,0.000,false,15768
128,1,6.2,88.4,-3.720,3.1,0.141,0.241,0.000,false,15879
129,1,6.2,88.1,-3.520,5.0,0.126,0.250,0.000,false,15987
130,1,6.2,87.7,-3.190,6.8,0.107,0.263,0.000,false,16099
131,1,6.2,86.5,-2.770,8.7,0.085,0.302,0.000,false,16210
132,1,6.6,84.7,-2.310,6.8,0.088,0.337,0.000,false,16326
133,1,6.6,82.9,-1.930,8.3,0.069,0.398,0.000,false,16430
134,1,6.6,81.1,-1.500,9.6,0.049,0.458,0.000,false,16541
135,1,6.6,79.6,-1.100,10.6,0.032,0.508,0.000,false,16650
136,1,6.6,77.9,-0.610,11.4,0.012,0.564,0.000,false,16761
137,1,7.0,76.3,-0.250,8.4,0.025,0.672,0.000,false,16870
138,1,7.0,74.8,0.110,8.8,0.012,0.722,0.000,false,16979
139,1,7.0,73.6,0.430,9.1,0.000,0.761,0.000,false,17088
140,1,7.0,72.3,0.810,9.4,-0.014,0.802,0.000,false,17201
141,1,7.4,71.3,1.100,5.2,0.012,0.890,0.000,false,17313
142,1,7.4,70.6,1.300,5.3,0.005,0.915,0.000,false,17425
143,1,7.4,70.6,1.510,5.4,-0.002,0.915,0.000,false,17538
144,1,7.4,71.2,1.720,5.4,-0.009,0.893,0.000,false,17650
145,1,7.8,71.5,1.920,-1.5,0.024,1.000,0.000,false,17764
146,1,7.8,72.6,1.860,-1.4,0.026,1.000,0.000,false,17870
147,1,7.8,72.8,1.810,-1.3,0.027,0.998,0.000,false,17979
148,1,7.8,74.1,1.770,-1.1,0.027,0.958,0.000,false,18087
149,1,7.8,75.5,1.730,-0.9,0.028,0.910,0.000,false,18197
150,1,8.1,76.9,1.120,-17.5,0.080,1.000,0.000,false,18312
151,1,8.1,77.8,0.400,-17.1,0.102,1.000,0.000,false,18424
152,1,8.1,78.8,-0.300,-16.5,0.122,1.000,0.000,false,18533
153,1,8.1,80.1,-0.970,-15.8,0.141,1.000,0.000,false,18650
154,1,8.5,81.5,-1.830,-22.9,0.182,1.000,0.000,false,18763
155,1,8.5,82.8,-2.780,-21.7,0.207,1.000,0.000,false,18869
156,1,8.5,84.2,-3.680,-20.1,0.229,1.000,0.000,false,18979
157,1,8.5,85.2,-4.400,-18.4,0.245,1.000,0.000,false,19088
158,1,8.9,86.4,-5.210,-20.2,0.271,1.000,0.000,false,19201
159,1,8.9,87.6,-6.050,-17.9,0.288,1.000,0.000,false,19313
160,1,8.9,88.7,-6.780,-15.3,0.301,1.000,0.000,false,19427
161,1,8.9,89.7,-7.390,-12.5,0.308,1.000,0.000,false,19529
162,1,9.3,90.7,-7.970,-11.4,0.319,1.000,0.000,false,19668
163,1,9.3,91.6,-8.400,-8.1,0.318,1.000,0.000,false,19779
164,1,9.3,92.4,-8.630,-4.7,0.310,1.000,0.000,false,19891
165,1,10.1,95.7,-7.590,2.7,0.239,1.000,0.000,false,21459
166,1,10.9,101.4,6.700,28.2,-0.335,0.794,0.000,false,21570
167,1,11.2,102.4,8.920,46.5,-0.488,0.760,0.000,false,21681
168,1,11.2,103.7,11.390,49.1,-0.580,0.716,0.000,false,21790
169,1,11.2,104.5,13.640,50.3,-0.658,0.690,0.000,false,21896
170,1,11.2,102.7,16.700,49.5,-0.754,0.751,0.000,false,22060
171,1,11.2,99.7,19.170,46.6,-0.821,0.850,0.000,false,22153
172,1,11.6,58.2,21.010,42.0,-0.861,0.100,0.600,true,22280
173,1,11.6,53.5,21.680,19.7,-0.783,0.100,0.600,false,22368
174,1,11.6,43.3,21.820,6.1,-0.727,0.100,0.600,true,22475
175,1,11.6,38.5,21.710,-4.9,-0.675,0.100,0.600,false,22585
176,1,11.6,33.5,21.580,-6.2,-0.665,0.100,0.600,false,22694
177,1,11.6,28.4,21.430,-8.8,-0.648,0.100,0.600,false,22805
178,1,11.6,23.4,21.240,-13.3,-0.622,0.100,0.600,false,22918
179,1,11.6,19.0,21.050,-18.4,-0.593,0.100,0.600,false,23027
180,1,12.0,14.2,20.840,-24.1,-0.561,0.100,0.600,false,23134
181,1,12.0,9.6,20.650,-28.5,-0.535,0.100,0.600,false,23243
182,1,12.0,5.1,20.520,-32.6,-0.513,0.100,0.600,false,23363
183,1,12.0,0.9,20.460,-35.5,-0.498,0.100,0.600,false,23476
184,1,12.0,0.0,20.460,-36.9,-0.492,0.100,0.600,false,23580
185,1,12.0,0.0,20.460,-93.8,-0.239,0.100,0.600,false,23691
186,1,12.0,-0.0,20.460,-37.0,-0.491,0.100,0.600,false,23800
187,1,12.0,-0.0,20.460,-37.0,-0.491,0.100,0.600,false,23943
188,1,12.0,-0.0,20.460,-37.0,-0.491,0.100,0.600,false,24060
189,1,12.0,0.0,20.460,-37.0,-0.491,0.100,0.600,false,24164
190,1,12.0,0.0,20.460,-37.0,-0.491,0.100,0.600,false,24277
191,1,12.0,0.0,20.460,-37.0,-0.491,0.100,0.600,false,24386
192,1,12.0,0.0,20.460,-37.0,-0.491,0.100,0.600,false,24496
193,1,12.0,0.0,20.460,-37.0,-0.491,0.100,0.600,false,24604
194,1,12.0,0.0,20.460,-37.0,-0.491,1.000,0.000,false,24716
195,1,12.0,1.0,20.450,-41.7,-0.470,1.000,0.000,false,24823
196,1,12.0,2.8,20.420,-37.9,-0.486,1.000,0.000,false,24980
197,1,12.0,6.1,20.260,-37.8,-0.481,1.000,0.000,false,25143
198,1,12.0,7.8,20.140,-39.1,-0.472,1.000,0.000,false,25251
199,1,12.0,9.6,19.960,-40.2,-0.461,1.000,0.000,false,25361
200,1,12.0,11.1,19.740,-41.6,-0.448,1.000,0.000,false,25472
201,1,12.0,13.0,19.510,-43.1,-0.433,1.000,0.000,false,25585
202,1,12.0,14.8,19.210,-44.8,-0.416,1.000,0.000,false,25694
203,1,12.0,15.3,18.860,-46.6,-0.397,1.000,0.000,false,25804
204,1,12.0,16.9,18.480,-48.6,-0.376,1.000,0.000,false,25913
205,1,12.0,18.2,18.050,-50.7,-0.352,1.000,0.000,false,26025
206,1,12.0,19.1,17.590,-52.6,-0.329,1.000,0.000,false,26136
207,1,12.0,21.0,17.150,-54.6,-0.306,1.000,0.000,false,26244
208,1,12.0,22.5,16.580,-56.3,-0.280,1.000,0.000,false,26354
209,1,12.0,23.7,15.970,-58.2,-0.252,1.000,0.000,false,26466
210,1,12.0,25.9,15.300,-60.0,-0.222,1.000,0.000,false,26573
211,1,12.0,27.7,14.670,-61.5,-0.195,1.000,0.000,false,26682
212,1,12.0,29.7,13.880,-62.9,-0.163,1.000,0.000,false,26792
213,1,12.0,31.7,13.010,-64.1,-0.129,1.000,0.000,false,26903
214,1,12.0,33.7,12.090,-65.2,-0.095,1.000,0.000,false,27013
215,1,12.0,35.7,11.100,-66.1,-0.058,1.000,0.000,false,27122
216,1,12.0,37.7,10.040,-66.7,-0.021,1.000,0.000,false,27233
217,1,12.0,38.7,8.930,-67.2,0.017,1.000,0.000,false,27346
218,1,12.0,39.8,7.960,-66.9,0.047,1.000,0.000,false,27454
219,1,12.0,41.7,6.780,-67.2,0.087,1.000,0.000,false,27565
220,1,12.0,43.5,5.570,-66.4,0.122,1.000,0.000,false,27673
221,1,12.4,45.4,4.290,-66.8,0.166,1.000,0.000,false,27783
222,1,12.4,47.0,3.160,-65.9,0.199,1.000,0.000,false,27892
223,1,12.4,48.8,1.810,-64.7,0.237,1.000,0.000,false,28004
224,1,12.4,50.5,0.420,-63.2,0.276,1.000,0.000,false,28115
225,1,12.4,52.3,-0.990,-61.3,0.313,1.000,0.000,false,28227
226,1,12.4,53.9,-2.420,-59.2,0.350,1.000,0.000,false,28333
227,1,12.4,55.6,-3.850,-56.7,0.385,1.000,0.000,false,28442
228,1,12.4,56.9,-5.070,-54.0,0.413,1.000,0.000,false,28552
229,1,12.4,58.4,-6.480,-51.1,0.446,1.000,0.000,false,28661
230,1,12.4,59.8,-7.840,-47.6,0.474,1.000,0.000,false,28775
231,1,12.4,61.2,-9.150,-43.7,0.499,1.000,0.000,false,28887
232,1,12.8,62.5,-10.430,-40.8,0.529,1.000,0.000,false,29001
233,1,12.8,62.6,-11.430,-36.5,0.543,1.000,0.000,false,29106
234,1,12.8,61.0,-12.610,-32.0,0.561,1.000,0.000,false,29228
235,1,12.8,59.7,-13.370,-27.1,0.564,1.000,0.000,false,29328
236,1,12.8,58.0,-14.100,-21.9,0.564,1.000,0.000,false,29440
237,1,12.8,55.5,-14.540,-16.5,0.555,1.000,0.000,false,29546
238,1,13.2,50.5,-14.880,-12.7,0.551,1.000,0.000,false,29656
239,1,13.2,45.5,-15.060,-7.1,0.532,1.000,0.000,false,29766
240,1,13.2,40.5,-15.100,-1.6,0.509,1.000,0.000,false,29879
241,1,13.2,36.3,-15.030,3.6,0.484,1.000,0.000,false,29986
242,1,13.2,31.3,-14.890,8.3,0.458,1.000,0.000,false,30100
243,1,13.2,31.9,-14.670,13.0,0.430,1.000,0.000,false,30209
244,1,13.2,32.8,-14.370,17.1,0.402,1.000,0.000,false,30323
245,1,13.2,33.0,-14.010,20.6,0.375,1.000,0.000,false,30426
246,1,13.2,34.1,-13.580,23.8,0.347,1.000,0.000,false,30537
247,1,13.2,34.9,-13.170,26.6,0.321,1.000,0.000,false,30647
248,1,13.6,35.8,-12.640,27.9,0.303,1.000,0.000,false,30759
249,1,13.6,37.6,-12.060,30.5,0.273,1.000,0.000,false,30874
250,1,13.6,38.1,-11.410,32.9,0.241,1.000,0.000,false,30981
251,1,13.6,39.9,-10.710,35.1,0.208,1.000,0.000,false,31091
252,1,13.6,41.8,-9.950,36.9,0.176,1.000,0.000,false,31203
253,1,13.6,42.1,-9.120,38.6,0.141,1.000,0.000,false,31313
254,1,13.6,42.3,-8.270,39.8,0.108,1.000,0.000,false,31428
255,1,13.6,43.6,-7.510,40.7,0.080,1.000,0.000,false,31534
256,1,13.6,45.4,-6.590,42.0,0.044,1.000,0.000,false,31648
257,1,13.6,47.2,-5.600,42.2,0.011,1.000,0.000,false,31758
258,1,13.9,49.0,-4.580,41.6,-0.014,1.000,0.000,false,31866
259,1,13.9,50.0,-3.690,41.8,-0.043,1.000,0.000,false,31971
260,1,13.9,51.4,-2.480,41.7,-0.082,1.000,0.000,false,32090
261,1,13.9,52.9,-1.550,41.3,-0.111,1.000,0.000,false,32200
262,1,13.9,54.7,-0.450,40.8,-0.144,1.000,0.000,false,32308
263,1,13.9,56.4,0.660,39.9,-0.176,1.000,0.000,false,32420
264,1,13.9,58.1,1.790,38.8,-0.208,1.000,0.000,false,32528
265,1,13.9,59.7,2.910,37.4,-0.238,1.000,0.000,false,32640
266,1,14.3,60.6,3.540,34.1,-0.234,1.000,0.000,false,32750
267,1,14.3,62.7,4.870,32.3,-0.269,1.000,0.000,false,32862
268,1,14.3,64.3,5.860,30.0,-0.291,1.000,0.000,false,32974
269,1,14.3,65.7,6.810,27.6,-0.311,1.000,0.000,false,33085
270,1,14.3,67.3,7.680,24.8,-0.327,1.000,0.000,false,33195
271,1,14.3,68.6,8.480,22.1,-0.341,1.000,0.000,false,33307
272,1,14.7,70.0,9.110,16.6,-0.326,1.000,0.000,false,33418
273,1,14.7,71.3,9.630,13.4,-0.329,0.971,0.000,false,33529
274,1,14.7,71.6,9.960,10.1,-0.325,0.961,0.000,false,33638
275,1,14.7,70.4,10.240,7.1,-0.321,1.000,0.000,false,33747
276,1,15.1,69.0,10.330,0.1,-0.281,1.000,0.000,false,33861
277,1,15.1,67.5,10.200,-3.5,-0.261,1.000,0.000,false,33975
278,1,15.1,65.3,9.940,-7.1,-0.236,1.000,0.000,false,34079
279,1,15.1,60.3,9.570,-10.6,-0.209,1.000,0.000,false,34195
280,1,15.1,56.0,9.200,-13.6,-0.183,1.000,0.000,false,34297
281,1,15.5,52.1,8.610,-22.0,-0.120,1.000,0.000,false,34415
282,1,15.5,52.1,7.940,-24.4,-0.088,1.000,0.000,false,34517
283,1,15.5,51.6,7.330,-25.7,-0.062,1.000,0.000,false,34625
284,1,15.5,50.9,6.560,-27.0,-0.032,1.000,0.000,false,34736
285,1,15.5,50.8,5.820,-27.6,-0.005,1.000,0.000,false,34846
286,1,15.5,50.8,5.060,-28.5,0.024,1.000,0.000,false,34955
287,1,15.9,59.4,-2.460,-38.0,0.296,1.000,0.000,false,35800
288,1,16.3,59.9,-3.660,-46.3,0.353,1.000,0.000,false,35903
289,1,16.3,61.4,-5.010,-44.8,0.390,1.000,0.000,false,36008
290,1,16.3,62.8,-6.330,-42.6,0.424,1.000,0.000,false,36124
291,1,16.3,64.0,-7.430,-39.9,0.447,1.000,0.000,false,36229
292,1,16.3,65.3,-8.690,-36.8,0.474,1.000,0.000,false,36339
293,1,16.3,66.5,-9.820,-32.8,0.493,1.000,0.000,false,36449
294,1,16.3,66.5,-10.680,-28.9,0.504,1.000,0.000,false,36558
295,1,16.7,13.3,-11.070,-20.3,0.468,0.100,0.600,true,36674
296,1,16.7,14.7,-10.970,10.9,0.326,0.100,0.600,false,36783
297,1,16.7,11.7,-11.000,-3.6,0.392,0.100,0.600,false,36898
298,1,16.7,7.9,-11.020,-5.4,0.400,0.100,0.600,false,37001
299,1,16.7,3.6,-11.030,-2.3,0.387,0.100,0.600,false,37113
300,1,16.7,0.1,-11.030,-0.6,0.379,0.100,0.600,false,37221
301,1,16.7,-0.0,-11.030,-43.7,0.571,0.100,0.600,false,37330
302,1,16.7,-0.0,-11.030,-31.9,0.518,0.100,0.600,false,37446
303,1,16.7,-0.0,-11.030,-26.4,0.494,0.100,0.600,false,37551
304,1,16.7,-0.0,-11.030,-21.1,0.470,0.100,0.600,false,37660
305,1,16.7,0.0,-11.030,-2.6,0.388,0.100,0.600,false,37775
306,1,16.7,0.0,-11.030,-10.8,0.425,0.100,0.600,false,37881
307,1,16.7,0.0,-11.030,-2.6,0.388,0.100,0.600,false,37992
308,1,16.7,0.0,-11.030,-21.1,0.470,0.100,0.600,false,38102
309,1,16.7,0.0,-11.030,42.4,0.188,0.100,0.600,false,38212
310,1,16.7,0.0,-11.030,42.4,0.188,0.100,0.600,false,38323
311,1,16.7,0.0,-11.030,42.4,0.188,0.100,0.600,false,38431
312,1,16.7,0.0,-11.030,-2.6,0.388,0.100,0.600,false,38542
313,1,16.7,0.0,-11.030,-2.6,0.388,0.100,0.600,false,38656
314,1,16.7,0.0,-11.030,-2.6,0.388,0.100,0.600,false,38769
315,1,16.7,0.0,-11.030,-2.6,0.388,1.000,0.000,false,38881
316,1,16.7,1.0,-11.030,4.2,0.358,1.000,0.000,false,38985
317,1,16.7,2.5,-11.030,0.7,0.374,1.000,0.000,false,39096
318,1,16.7,4.3,-11.030,0.6,0.374,1.000,0.000,false,39206
319,1,16.7,6.1,-11.030,1.1,0.372,1.000,0.000,false,39317
320,1,16.7,7.9,-11.020,1.8,0.368,1.000,0.000,false,39427
321,1,16.7,9.7,-11.010,2.8,0.364,1.000,0.000,false,39544
322,1,16.7,11.5,-10.990,4.0,0.358,1.000,0.000,false,39647
323,1,16.7,13.1,-10.960,5.3,0.351,1.000,0.000,false,39757
324,1,16.7,14.9,-10.910,6.7,0.343,1.000,0.000,false,39866
325,1,16.7,15.4,-10.840,8.2,0.334,1.000,0.000,false,39976
326,1,16.7,17.0,-10.750,10.1,0.323,1.000,0.000,false,40085
327,1,16.7,18.2,-10.650,11.8,0.312,1.000,0.000,false,40196
328,1,16.7,19.2,-10.510,13.5,0.300,1.000,0.000,false,40309
329,1,16.7,21.4,-10.350,15.5,0.286,1.000,0.000,false,40416
330,1,16.7,21.9,-10.140,17.2,0.271,1.000,0.000,false,40526
331,1,16.7,24.1,-9.910,19.2,0.255,1.000,0.000,false,40636
332,1,16.7,26.1,-9.630,21.0,0.238,1.000,0.000,false,40745
333,1,16.7,28.0,-9.340,22.6,0.221,1.000,0.000,false,40861
334,1,16.7,29.7,-8.960,24.4,0.201,1.000,0.000,false,40975
335,1,17.0,31.6,-8.540,22.5,0.191,1.000,0.000,false,41082
336,1,17.0,33.7,-8.130,24.1,0.171,1.000,0.000,false,41192
337,1,17.0,35.2,-7.660,25.5,0.149,1.000,0.000,false,41303
338,1,17.0,36.1,-7.210,26.7,0.129,1.000,0.000,false,41410
339,1,17.0,38.0,-6.670,27.8,0.107,1.000,0.000,false,41522
340,1,17.0,40.0,-6.090,28.7,0.084,1.000,0.000,false,41634
341,1,17.0,41.6,-5.520,29.8,0.061,1.000,0.000,false,41737
342,1,17.0,43.5,-4.850,30.4,0.036,1.000,0.000,false,41848
343,1,17.0,45.4,-4.130,30.8,0.011,1.000,0.000,false,41960
344,1,17.0,47.3,-3.370,31.1,-0.015,1.000,0.000,false,42080
345,1,17.4,49.2,-2.600,28.9,-0.032,1.000,0.000,false,42193
346,1,17.4,51.0,-1.830,28.8,-0.057,1.000,0.000,false,42306
347,1,17.4,52.6,-1.160,28.6,-0.077,1.000,0.000,false,42418
348,1,17.4,54.4,-0.330,28.2,-0.103,1.000,0.000,false,42524
349,1,17.4,56.2,0.470,27.6,-0.126,1.000,0.000,false,42634
350,1,17.4,57.7,1.180,26.8,-0.145,1.000,0.000,false,42740
351,1,17.4,59.5,1.980,25.9,-0.167,1.000,0.000,false,42851
352,1,17.8,61.2,2.740,22.9,-0.181,1.000,0.000,false,42963
353,1,17.8,62.8,3.450,21.5,-0.198,1.000,0.000,false,43072
354,1,17.8,64.3,4.030,20.0,-0.210,1.000,0.000,false,43178
355,1,17.8,65.9,4.680,18.4,-0.224,1.000,0.000,false,43291
356,1,17.8,67.5,5.270,16.5,-0.235,1.000,0.000,false,43401
357,1,18.2,69.0,5.790,13.0,-0.238,1.000,0.000,false,43512
358,1,18.2,70.6,6.200,10.8,-0.242,1.000,0.000,false,43622
359,1,18.2,71.8,6.530,8.5,-0.242,1.000,0.000,false,43732
360,1,18.2,73.3,6.750,6.3,-0.239,1.000,0.000,false,43843
361,1,18.2,74.8,6.910,4.0,-0.234,1.000,0.000,false,43955
362,1,18.6,76.2,6.940,0.3,-0.219,1.000,0.000,false,44069
363,1,18.6,77.6,6.840,-2.2,-0.205,1.000,0.000,false,44173
364,1,18.6,79.1,6.640,-4.6,-0.187,1.000,0.000,false,44283
365,1,18.6,80.5,6.340,-7.0,-0.167,1.000,0.000,false,44397
366,1,19.0,81.7,5.970,-10.2,-0.141,1.000,0.000,false,44504
367,1,19.0,83.2,5.420,-12.2,-0.114,1.000,0.000,false,44615
368,1,19.0,84.7,4.780,-14.2,-0.084,1.000,0.000,false,44728
369,1,19.0,86.3,4.040,-15.9,-0.053,1.000,0.000,false,44833
370,1,19.4,87.6,3.330,-18.2,-0.020,1.000,0.000,false,44941
371,1,19.4,89.2,2.410,-19.3,0.015,1.000,0.000,false,45052
372,1,19.4,90.8,1.440,-20.2,0.051,1.000,0.000,false,45167
373,1,19.4,92.4,0.430,-20.6,0.085,1.000,0.000,false,45277
374,1,19.8,94.0,-0.630,-21.6,0.124,0.986,0.000,false,45381
375,1,19.8,95.4,-1.550,-21.3,0.153,0.941,0.000,false,45491
376,1,19.8,96.9,-2.620,-20.6,0.184,0.891,0.000,false,45601
377,1,19.8,98.3,-3.640,-19.6,0.213,0.843,0.000,false,45712
378,1,20.2,99.6,-4.650,-19.1,0.244,0.693,0.000,false,45826
379,1,20.2,100.8,-5.590,-17.3,0.267,0.654,0.000,false,45936
380,1,20.2,101.8,-6.420,-15.2,0.284,0.621,0.000,false,46044
381,1,20.5,102.5,-7.170,-13.8,0.304,0.223,0.000,false,46155
382,1,20.5,103.0,-7.700,-11.1,0.309,0.207,0.000,false,46262
383,1,20.5,103.2,-8.180,-8.5,0.313,0.201,0.000,false,46375
384,1,20.9,102.6,-8.510,-6.6,0.322,0.141,0.000,false,46487
385,1,20.9,101.8,-8.690,-3.3,0.313,0.168,0.000,false,46591
386,1,20.9,100.9,-8.700,-0.2,0.300,0.196,0.000,false,46700
387,1,20.9,99.8,-8.510,3.4,0.278,0.232,0.000,false,46811
388,1,21.3,98.1,-8.200,5.6,0.268,0.317,0.000,false,46924
389,1,21.3,95.6,-7.730,8.9,0.238,0.401,0.000,false,47032
390,1,21.3,93.6,-7.100,12.1,0.204,0.465,0.000,false,47142
391,1,21.7,91.9,-6.460,13.8,0.186,0.551,0.000,false,47249
392,1,21.7,89.8,-5.630,16.7,0.146,0.621,0.000,false,47362
393,1,21.7,87.9,-4.660,20.2,0.099,0.684,0.000,false,47475
394,1,21.7,86.1,-3.580,23.3,0.051,0.743,0.000,false,47580
395,1,22.1,84.6,-2.460,23.5,0.028,0.848,0.000,false,47689
396,1,22.1,83.2,-1.330,25.4,-0.017,0.894,0.000,false,47802
397,1,22.1,82.1,-0.300,26.7,-0.056,0.929,0.000,false,47908
398,1,22.1,81.9,0.900,27.5,-0.099,0.938,0.000,false,48019
399,1,22.5,82.3,2.100,22.5,-0.110,1.000,0.000,false,48129
400,1,22.5,82.2,2.940,22.2,-0.136,1.000,0.000,false,48238
401,1,22.5,83.1,3.900,21.6,-0.164,1.000,0.000,false,48350
402,1,22.5,83.2,4.810,20.5,-0.189,1.000,0.000,false,48464
403,1,22.9,84.4,5.660,4.4,-0.188,1.000,0.000,false,48572
404,1,22.9,85.4,5.780,2.7,-0.184,1.000,0.000,false,48680
405,1,22.9,85.8,5.820,0.8,-0.177,1.000,0.000,false,48791
406,1,22.9,86.8,5.770,-1.2,-0.166,1.000,0.000,false,48902
407,1,23.3,87.9,5.500,-6.8,-0.144,1.000,0.000,false,49012
408,1,23.3,89.1,5.080,-8.7,-0.122,1.000,0.000,false,49129
409,1,23.3,90.3,4.560,-10.7,-0.096,1.000,0.000,false,49231
410,1,23.6,91.6,3.930,-13.3,-0.066,1.000,0.000,false,49343
411,1,23.6,92.9,3.190,-14.9,-0.035,1.000,0.000,false,49455
412,1,23.6,94.1,2.480,-16.2,-0.006,1.000,0.000,false,49566
413,1,23.6,95.7,1.470,-17.3,0.031,1.000,0.000,false,49683
414,1,24.0,97.2,0.500,-18.5,0.066,1.000,0.000,false,49822
415,1,24.0,98.4,-0.360,-18.8,0.095,1.000,0.000,false,49893
416,1,24.4,104.5,-4.550,-18.1,0.228,0.851,0.000,false,50793
417,1,25.2,110.2,-8.070,-14.3,0.325,0.606,0.000,false,50860
418,1,25.2,111.1,-8.750,-11.2,0.333,0.577,0.000,false,50972
419,1,25.2,111.8,-9.250,-9.6,0.342,0.553,0.000,false,51078
420,1,25.6,112.4,-9.700,-7.4,0.346,0.534,0.000,false,51192
421,1,25.6,111.7,-9.990,-4.7,0.343,0.557,0.000,false,51296
422,1,25.6,109.0,-10.110,-1.8,0.334,0.646,0.000,false,51411
423,1,26.0,104.4,-10.050,1.1,0.319,0.532,0.000,false,51516
424,1,26.0,99.1,-9.820,4.1,0.298,0.712,0.000,false,51627
425,1,26.0,93.5,-9.400,7.6,0.269,0.896,0.000,false,51741
426,1,26.4,89.4,-8.910,11.3,0.239,0.845,0.000,false,51848
427,1,26.4,84.8,-8.210,14.3,0.203,1.000,0.000,false,51959
428,1,26.4,83.1,-7.380,17.7,0.161,1.000,0.000,false,52076
429,1,26.4,81.6,-6.510,20.7,0.120,1.000,0.000,false,52181
430,1,26.4,80.7,-5.490,23.7,0.073,1.000,0.000,false,52299
431,1,26.7,80.7,-4.400,27.0,0.029,1.000,0.000,false,52400
432,1,26.7,80.7,-3.160,29.3,-0.021,1.000,0.000,false,52509
433,1,26.7,81.4,-1.990,30.9,-0.066,1.000,0.000,false,52615
434,1,26.7,81.7,-0.640,31.8,-0.114,0.998,0.000,false,52728
435,1,27.1,82.8,0.670,32.6,-0.148,0.905,0.000,false,52835
436,1,27.1,84.3,2.110,32.2,-0.193,0.858,0.000,false,52954
437,1,27.1,85.3,3.380,31.4,-0.230,0.823,0.000,false,53054
438,1,27.1,86.4,4.720,30.0,-0.268,0.785,0.000,false,53171
439,1,27.1,87.6,6.140,28.1,-0.305,0.747,0.000,false,53291
440,1,27.5,88.3,7.250,26.8,-0.314,0.642,0.000,false,53393
441,1,27.5,89.0,8.390,24.2,-0.340,0.619,0.000,false,53505
442,1,27.5,89.5,9.340,21.5,-0.359,0.605,0.000,false,53613
443,1,27.5,88.7,10.220,18.3,-0.373,0.630,0.000,false,53722
444,1,27.9,83.9,10.910,14.7,-0.353,0.736,0.000,false,53835
445,1,27.9,79.5,11.360,11.6,-0.353,0.884,0.000,false,53940
446,1,27.9,74.4,11.710,8.2,-0.350,1.000,0.000,false,54057
447,1,28.3,69.4,11.610,-9.9,-0.299,1.000,0.000,false,54160
448,1,28.3,64.4,11.100,-13.9,-0.265,1.000,0.000,false,54274
449,1,28.3,60.2,10.590,-17.4,-0.233,1.000,0.000,false,54380
450,1,28.3,55.2,9.950,-20.6,-0.198,1.000,0.000,false,54491
451,1,28.3,50.2,9.280,-23.7,-0.162,1.000,0.000,false,54603
452,1,28.7,45.8,8.470,-32.6,-0.111,1.000,0.000,false,54718
453,1,28.7,42.3,7.700,-34.0,-0.080,1.000,0.000,false,54823
454,1,28.7,42.7,6.920,-35.5,-0.048,1.000,0.000,false,54940
455,1,28.7,44.1,6.130,-36.0,-0.020,1.000,0.000,false,55052
456,1,28.7,45.2,5.290,-36.7,0.010,1.000,0.000,false,55163
457,1,28.7,46.2,4.440,-37.0,0.039,1.000,0.000,false,55280
458,1,28.7,48.0,3.550,-36.9,0.068,1.000,0.000,false,55392
459,1,28.7,49.7,2.640,-36.6,0.096,1.000,0.000,false,55497
460,1,29.1,51.2,1.800,-39.4,0.131,1.000,0.000,false,55607
461,1,29.1,52.7,0.780,-38.7,0.161,1.000,0.000,false,55717
462,1,29.1,53.6,-0.240,-37.7,0.190,1.000,0.000,false,55828
463,1,29.1,55.3,-1.250,-36.4,0.217,1.000,0.000,false,55942
464,1,29.1,56.9,-2.250,-34.9,0.242,1.000,0.000,false,56055
465,1,29.1,58.5,-3.240,-33.1,0.267,1.000,0.000,false,56160
466,1,29.1,59.9,-4.060,-31.2,0.285,1.000,0.000,false,56269
467,1,29.5,61.5,-5.010,-31.4,0.314,1.000,0.000,false,56380
468,1,29.5,63.0,-5.950,-28.9,0.334,1.000,0.000,false,56491
469,1,29.5,64.4,-6.830,-26.1,0.350,1.000,0.000,false,56601
470,1,29.5,65.8,-7.630,-23.0,0.362,1.000,0.000,false,56712
471,1,29.5,67.1,-8.340,-19.9,0.371,1.000,0.000,false,56821
472,1,29.5,68.3,-8.950,-16.8,0.377,1.000,0.000,false,56931
473,1,29.8,69.7,-9.500,-14.9,0.387,1.000,0.000,false,57047
474,1,29.8,69.9,-9.880,-11.2,0.383,1.000,0.000,false,57154
475,1,29.8,68.6,-10.170,-7.6,0.377,1.000,0.000,false,57268
476,1,29.8,67.2,-10.310,-3.8,0.364,1.000,0.000,false,57375
477,1,29.8,65.7,-10.310,0.1,0.347,1.000,0.000,false,57485
478,1,30.2,63.9,-10.200,2.8,0.332,1.000,0.000,false,57593
479,1,30.2,59.0,-9.960,6.9,0.306,1.000,0.000,false,57702
480,1,30.2,54.3,-9.650,10.7,0.279,1.000,0.000,false,57815
481,1,30.2,49.4,-9.240,14.5,0.249,1.000,0.000,false,57932
482,1,30.2,45.8,-8.730,18.0,0.217,1.000,0.000,false,58051
483,1,30.2,45.3,-8.300,20.6,0.191,1.000,0.000,false,58159
484,1,30.6,45.0,-7.740,21.3,0.174,1.000,0.000,false,58268
485,1,30.6,45.2,-7.190,22.7,0.150,1.000,0.000,false,58379
486,1,30.6,45.3,-6.610,24.3,0.124,1.000,0.000,false,58496
487,1,30.6,46.0,-6.150,25.3,0.105,1.000,0.000,false,58587
488,1,30.6,46.4,-5.450,26.6,0.076,1.000,0.000,false,58699
489,1,30.6,47.8,-4.870,27.5,0.053,1.000,0.000,false,58805
490,1,30.6,48.7,-4.100,28.1,0.026,1.000,0.000,false,58922
491,1,30.6,50.2,-3.360,28.6,-0.000,1.000,0.000,false,59036
492,1,31.0,51.8,-2.630,27.3,-0.008,1.000,0.000,false,59147
493,1,31.0,53.6,-1.870,27.4,-0.033,1.000,0.000,false,59253
494,1,31.0,55.2,-1.080,27.4,-0.059,1.000,0.000,false,59367
495,1,31.0,56.2,-0.210,27.1,-0.086,1.000,0.000,false,59489
496,1,31.0,57.9,0.600,26.6,-0.110,1.000,0.000,false,59603
497,1,31.0,59.3,1.290,26.0,-0.129,1.000,0.000,false,59711
498,1,31.4,61.1,2.140,23.3,-0.130,1.000,0.000,false,59822
499,1,31.4,62.8,2.870,22.3,-0.149,0.961,0.000,false,59939
500,1,31.4,64.3,3.540,21.2,-0.166,0.911,0.000,false,60041
501,1,31.4,66.1,4.330,19.8,-0.185,0.850,0.000,false,60179
502,1,31.4,67.3,4.860,18.3,-0.196,0.809,0.000,false,60264
503,1,31.4,68.7,5.420,16.9,-0.207,0.764,0.000,false,60364
504,1,31.8,70.1,5.920,12.7,-0.182,0.716,0.000,false,60475
505,1,31.8,71.5,6.340,10.9,-0.188,0.671,0.000,false,60589
506,1,31.8,72.6,6.670,9.0,-0.190,0.633,0.000,false,60696
507,1,31.8,73.6,6.950,7.1,-0.191,0.602,0.000,false,60805
508,1,32.2,73.7,7.110,1.1,-0.145,0.678,0.000,false,60920
509,1,32.2,73.6,7.080,-0.8,-0.135,0.680,0.000,false,61025
510,1,32.2,73.4,6.970,-2.7,-0.123,0.686,0.000,false,61134
511,1,32.2,73.2,6.790,-4.5,-0.109,0.693,0.000,false,61244
512,1,32.6,71.7,6.450,-17.2,-0.043,1.000,0.000,false,61361
513,1,32.6,70.5,5.810,-18.5,-0.017,1.000,0.000,false,61467
514,1,32.6,69.5,5.080,-19.5,0.012,1.000,0.000,false,61576
515,1,32.6,69.1,4.430,-20.2,0.036,1.000,0.000,false,61685
516,1,33.0,69.5,3.140,-41.1,0.114,1.000,0.000,false,61808
517,1,33.0,69.6,1.910,-41.0,0.153,1.000,0.000,false,61908
518,1,33.0,70.8,0.490,-40.3,0.196,1.000,0.000,false,62018
519,1,33.0,70.9,-0.720,-39.4,0.231,1.000,0.000,false,62130
520,1,33.0,72.3,-2.180,-38.0,0.272,1.000,0.000,false,62238
521,1,33.0,73.5,-3.520,-36.0,0.307,1.000,0.000,false,62350
522,1,33.3,73.9,-4.970,-40.8,0.359,1.000,0.000,false,62462
523,1,33.3,74.8,-6.270,-38.2,0.389,1.000,0.000,false,62573
524,1,33.3,75.9,-7.630,-35.1,0.420,1.000,0.000,false,62677
525,1,33.3,76.8,-8.890,-31.6,0.445,1.000,0.000,false,62787
526,1,33.3,77.6,-10.020,-27.8,0.465,1.000,0.000,false,62900
527,1,33.7,77.4,-10.940,-26.9,0.485,1.000,0.000,false,63013
528,1,33.7,75.5,-11.910,-22.7,0.498,1.000,0.000,false,63133
529,1,33.7,73.3,-12.640,-18.1,0.501,1.000,0.000,false,63237
530,1,33.7,71.3,-13.130,-13.3,0.496,1.000,0.000,false,63349
531,1,33.7,67.7,-13.460,-8.0,0.483,1.000,0.000,false,63462
532,1,34.1,62.5,-13.590,-4.4,0.467,1.000,0.000,false,63584
533,1,34.1,57.5,-13.550,1.1,0.441,1.000,0.000,false,63691
534,1,34.1,52.8,-13.360,6.5,0.411,1.000,0.000,false,63801
535,1,34.1,47.9,-13.040,11.8,0.377,1.000,0.000,false,63911
536,1,34.1,43.6,-12.680,16.5,0.345,1.000,0.000,false,64018
537,1,34.1,38.4,-12.200,20.5,0.311,1.000,0.000,false,64127
538,1,34.1,34.5,-11.710,24.3,0.279,1.000,0.000,false,64250
539,1,34.5,34.5,-11.260,26.4,0.254,1.000,0.000,false,64347
540,1,34.5,35.9,-10.730,28.8,0.226,1.000,0.000,false,64457
541,1,34.5,36.4,-10.200,30.7,0.200,1.000,0.000,false,64567
542,1,34.5,37.9,-9.580,32.4,0.173,1.000,0.000,false,64675
543,1,34.5,39.2,-8.960,34.1,0.145,1.000,0.000,false,64783
544,1,34.5,40.0,-8.230,35.1,0.117,1.000,0.000,false,64894
545,1,34.9,51.4,-1.930,38.4,-0.104,1.000,0.000,false,65702
546,1,34.9,52.5,-1.220,41.8,-0.142,1.000,0.000,false,65772
547,1,34.9,54.3,-0.100,41.4,-0.176,1.000,0.000,false,65878
548,1,34.9,56.0,1.040,40.7,-0.210,1.000,0.000,false,65992
549,1,34.9,57.5,2.040,39.7,-0.238,1.000,0.000,false,66099
550,1,34.9,59.3,3.190,38.2,-0.269,1.000,0.000,false,66216
551,1,34.9,60.9,4.330,36.2,-0.297,1.000,0.000,false,66320
552,1,35.3,62.5,5.390,33.3,-0.319,1.000,0.000,false,66435
553,1,35.3,63.8,6.290,30.9,-0.338,1.000,0.000,false,66539
554,1,35.3,65.3,7.240,28.2,-0.357,1.000,0.000,false,66649
555,1,35.3,66.7,8.120,25.1,-0.371,1.000,0.000,false,66761
556,1,35.3,67.8,8.810,22.3,-0.381,1.000,0.000,false,66870
557,1,35.7,69.1,9.510,18.6,-0.389,1.000,0.000,false,66979
558,1,35.7,69.2,10.070,14.7,-0.390,1.000,0.000,false,67089
559,1,35.7,67.9,10.480,11.0,-0.387,1.000,0.000,false,67204
560,1,35.7,66.6,10.730,7.3,-0.378,1.000,0.000,false,67306
561,1,35.7,65.0,10.850,3.3,-0.364,1.000,0.000,false,67422
562,1,36.0,62.6,10.810,-1.5,-0.342,1.000,0.000,false,67533
563,1,36.0,58.1,10.630,-5.5,-0.318,1.000,0.000,false,67642
564,1,36.0,53.1,10.350,-9.5,-0.291,1.000,0.000,false,67751
565,1,36.0,48.6,10.020,-13.2,-0.264,1.000,0.000,false,67855
566,1,36.0,43.6,9.590,-16.5,-0.236,1.000,0.000,false,67967
567,1,36.0,38.9,9.190,-19.4,-0.210,1.000,0.000,false,68076
568,1,36.0,35.2,8.810,-21.8,-0.187,1.000,0.000,false,68180
569,1,36.4,36.0,8.340,-23.8,-0.163,1.000,0.000,false,68292
570,1,36.4,36.3,7.840,-25.8,-0.138,1.000,0.000,false,68402
571,1,36.4,37.1,7.400,-26.5,-0.121,1.000,0.000,false,68508
572,1,36.4,38.0,6.660,-27.9,-0.091,1.000,0.000,false,68648
573,1,36.4,39.2,6.160,-28.8,-0.071,1.000,0.000,false,68759
574,1,36.4,40.9,5.480,-29.9,-0.044,1.000,0.000,false,68870
575,1,36.4,41.8,4.820,-30.4,-0.020,1.000,0.000,false,68993
576,1,36.4,43.7,4.090,-30.8,0.005,1.000,0.000,false,69107
577,1,36.4,45.6,3.370,-30.9,0.029,1.000,0.000,false,69218
578,1,36.8,47.2,2.680,-31.1,0.051,1.000,0.000,false,69324
579,1,36.8,49.0,1.910,-30.9,0.075,1.000,0.000,false,69435
580,1,36.8,49.9,1.230,-30.5,0.096,1.000,0.000,false,69542
581,1,36.8,51.6,0.390,-30.0,0.121,1.000,0.000,false,69654
582,1,36.8,53.3,-0.410,-29.2,0.143,1.000,0.000,false,69766
583,1,36.8,54.9,-1.120,-28.3,0.162,1.000,0.000,false,69872
584,1,36.8,56.7,-1.960,-27.2,0.184,1.000,0.000,false,69984
585,1,37.2,58.3,-2.680,-26.0,0.202,1.000,0.000,false,70093
586,1,37.2,59.9,-3.470,-24.5,0.221,1.000,0.000,false,70207
587,1,37.2,61.4,-4.120,-22.9,0.235,1.000,0.000,false,70312
588,1,37.2,63.0,-4.850,-21.1,0.251,1.000,0.000,false,70422
589,1,37.2,64.4,-5.400,-19.1,0.260,1.000,0.000,false,70529
590,1,37.2,66.0,-6.040,-17.0,0.271,1.000,0.000,false,70638
591,1,37.6,67.5,-6.560,-14.5,0.277,1.000,0.000,false,70751
592,1,37.6,69.0,-7.000,-12.0,0.280,1.000,0.000,false,70863
593,1,37.6,70.3,-7.330,-9.4,0.279,1.000,0.000,false,70973
594,1,37.6,71.7,-7.590,-6.7,0.276,1.000,0.000,false,71081
595,1,37.6,72.8,-7.730,-4.3,0.270,1.000,0.000,false,71188
596,1,38.0,74.3,-7.800,-1.6,0.259,1.000,0.000,false,71299
597,1,38.0,75.6,-7.750,1.4,0.244,1.000,0.000,false,71410
598,1,38.0,76.9,-7.590,4.1,0.227,1.000,0.000,false,71520
599,1,38.0,78.0,-7.310,6.6,0.207,1.000,0.000,false,71629
600,1,38.4,79.4,-6.920,9.1,0.182,1.000,0.000,false,71737
601,1,38.4,80.6,-6.490,11.1,0.159,1.000,0.000,false,71848
602,1,38.4,82.1,-5.880,13.6,0.128,1.000,0.000,false,71967
603,1,38.4,83.6,-5.170,15.8,0.095,1.000,0.000,false,72069
604,1,38.8,85.1,-4.370,17.9,0.058,1.000,0.000,false,72182
605,1,38.8,86.7,-3.470,19.5,0.022,1.000,0.000,false,72296
606,1,38.8,88.1,-2.640,20.7,-0.010,1.000,0.000,false,72400
607,1,38.8,89.7,-1.610,21.6,-0.048,0.970,0.000,false,72516
608,1,39.2,91.4,-0.510,22.4,-0.084,0.355,0.000,false,72620
609,1,39.2,92.7,0.430,22.5,-0.115,0.309,0.000,false,72728
610,1,39.2,94.3,1.710,22.3,-0.155,0.255,0.000,false,72843
611,1,39.2,95.3,2.660,21.6,-0.183,0.223,0.000,false,72952
612,1,39.5,96.0,3.730,21.0,-0.205,0.000,0.089,false,73063
613,1,39.5,95.6,4.730,19.6,-0.232,0.000,0.080,false,73173
614,1,39.5,94.9,5.640,17.8,-0.253,0.000,0.062,false,73285
615,1,39.5,94.0,6.440,15.6,-0.269,0.000,0.041,false,73395
616,1,39.9,93.3,7.050,14.1,-0.263,0.000,0.163,false,73504
617,1,39.9,91.0,7.620,11.4,-0.269,0.000,0.104,false,73618
618,1,39.9,88.4,8.060,8.8,-0.272,0.000,0.041,false,73732
619,1,39.9,85.9,8.350,6.1,-0.269,0.030,0.000,false,73832
620,1,40.3,83.6,8.580,4.6,-0.233,0.000,0.040,false,73946
621,1,40.3,81.4,8.650,1.8,-0.223,0.021,0.000,false,74053
622,1,40.3,79.1,8.600,-1.0,-0.209,0.098,0.000,false,74162
623,1,40.3,77.1,8.470,-3.7,-0.193,0.162,0.000,false,74271
624,1,40.7,74.8,8.270,-3.6,-0.125,0.080,0.000,false,74381
625,1,40.7,72.7,8.020,-6.3,-0.105,0.152,0.000,false,74492
626,1,40.7,70.8,7.730,-8.4,-0.086,0.215,0.000,false,74600
627,1,40.7,69.1,7.340,-10.0,-0.067,0.271,0.000,false,74714
628,1,41.1,67.1,6.210,-31.1,0.042,0.791,0.000,false,74821
629,1,41.1,65.1,5.110,-32.1,0.082,0.856,0.000,false,74932
630,1,41.1,63.7,4.000,-33.0,0.122,0.904,0.000,false,75042
631,1,41.1,62.2,3.040,-33.3,0.154,0.953,0.000,false,75151
632,1,41.5,61.1,1.800,-53.9,0.240,1.000,0.000,false,75265
633,1,41.5,60.3,0.280,-53.0,0.285,1.000,0.000,false,75378
634,1,41.5,59.9,-1.220,-51.4,0.327,1.000,0.000,false,75492
635,1,41.5,60.0,-2.500,-49.3,0.359,1.000,0.000,false,75594
636,1,41.5,60.3,-3.680,-47.0,0.387,1.000,0.000,false,75704
637,1,41.5,60.8,-5.010,-44.2,0.418,1.000,0.000,false,75811
638,1,41.5,61.5,-6.310,-40.8,0.445,1.000,0.000,false,75921
639,1,41.5,62.0,-7.460,-36.9,0.465,1.000,0.000,false,76031
640,1,41.9,63.0,-8.420,-44.6,0.510,1.000,0.000,false,76142
641,1,41.9,-12.7,-9.160,-34.4,0.488,0.100,0.600,true,76258
642,1,41.9,-9.8,-8.700,99.6,-0.122,0.100,0.600,false,76360
643,1,41.9,-5.9,-8.490,123.3,-0.234,0.100,0.600,false,76472
644,1,41.9,-1.5,-8.380,126.9,-0.254,0.100,0.600,false,76588
645,1,41.9,0.0,-8.370,125.4,-0.247,0.100,0.600,false,76691
646,1,41.9,0.0,-8.370,166.0,-0.428,0.100,0.600,false,76801
647,1,41.9,0.0,-8.370,176.9,-0.476,0.100,0.600,false,76912
648,1,41.9,-0.0,-8.370,-179.5,1.000,0.100,0.600,false,77023
649,1,41.9,0.0,-8.370,167.0,-0.432,0.100,0.600,false,77137
650,1,41.9,0.0,-8.370,161.4,-0.407,0.100,0.600,false,77253
651,1,41.9,-0.0,-8.370,147.6,-0.346,0.100,0.600,false,77353
652,1,41.9,-0.0,-8.370,107.0,-0.166,0.100,0.600,false,77462
653,1,41.9,-0.0,-8.370,157.0,-0.388,0.100,0.600,false,77577
654,1,41.9,-0.0,-8.370,156.6,-0.386,0.100,0.600,false,77685
655,1,41.9,-0.0,-8.370,80.4,-0.047,0.100,0.600,false,77795
656,1,41.9,-0.0,-8.370,155.0,-0.379,0.100,0.600,false,77907
657,1,41.9,-0.0,-8.370,154.8,-0.378,0.100,0.600,false,78018
658,1,41.9,0.0,-8.370,154.8,-0.378,0.100,0.600,false,78132
659,1,41.9,-0.0,-8.370,154.7,-0.378,0.100,0.600,false,78247
660,1,41.9,0.0,-8.370,154.7,-0.378,0.100,0.600,false,78358
661,1,41.9,0.0,-8.370,154.7,-0.378,1.000,0.000,false,78464
662,1,41.9,0.6,-8.370,-63.5,0.592,1.000,0.000,false,78574
663,1,41.9,2.4,-8.410,-52.9,0.546,1.000,0.000,false,78686
664,1,41.9,4.2,-8.480,-44.2,0.510,1.000,0.000,false,78795
665,1,41.9,5.6,-8.560,-38.4,0.487,1.000,0.000,false,78902
666,1,41.9,7.5,-8.680,-36.8,0.484,1.000,0.000,false,79011
667,1,41.9,9.3,-8.840,-35.6,0.483,1.000,0.000,false,79122
668,1,41.9,10.8,-8.990,-34.2,0.482,1.000,0.000,false,79232
669,1,41.9,12.6,-9.180,-32.5,0.481,1.000,0.000,false,79352
670,1,41.9,14.1,-9.400,-30.5,0.479,1.000,0.000,false,79457
671,1,41.9,14.5,-9.610,-27.9,0.474,1.000,0.000,false,79569
672,1,41.9,16.4,-9.820,-25.3,0.469,1.000,0.000,false,79682
673,1,41.9,17.3,-10.030,-23.0,0.466,1.000,0.000,false,79789
674,1,41.9,19.0,-10.230,-20.2,0.460,1.000,0.000,false,79899
675,1,41.9,20.8,-10.390,-17.4,0.453,1.000,0.000,false,80007
676,1,42.3,37.6,-10.430,-5.2,0.390,1.000,0.000,false,81108
677,1,42.3,41.0,-9.920,13.2,0.291,1.000,0.000,false,81324
678,1,42.3,42.0,-9.640,17.0,0.265,1.000,0.000,false,81384
679,1,42.3,41.5,-9.210,19.1,0.242,1.000,0.000,false,81495
680,1,42.3,41.8,-8.710,21.5,0.215,1.000,0.000,false,81616
681,1,42.3,43.3,-8.240,23.4,0.192,1.000,0.000,false,81717
682,1,42.3,44.8,-7.640,25.2,0.164,1.000,0.000,false,81830
683,1,42.6,50.5,-5.600,23.6,0.097,1.000,0.000,false,82215
684,1,42.6,51.8,-5.110,26.5,0.068,1.000,0.000,false,82307
685,1,44.2,85.7,16.560,24.4,-0.629,0.836,0.000,false,84851
686,1,44.2,86.4,17.420,31.3,-0.688,0.815,0.000,false,84921
687,1,44.2,85.5,18.860,31.1,-0.733,0.843,0.000,false,85035
688,1,44.2,62.4,19.520,19.7,-0.704,0.100,0.600,true,85140
689,1,44.6,59.8,19.780,8.6,-0.660,0.100,0.600,false,85243
690,1,44.6,51.9,19.750,-1.0,-0.616,0.100,0.600,true,85355
691,1,44.6,46.8,19.520,-8.2,-0.576,0.100,0.600,false,85468
692,1,44.6,41.6,19.260,-10.5,-0.558,0.100,0.600,false,85587
693,1,44.6,37.1,19.010,-13.0,-0.539,0.100,0.600,false,85695
694,1,44.6,32.1,18.690,-16.6,-0.512,0.100,0.600,false,85808
695,1,45.0,27.1,18.360,-23.0,-0.467,0.100,0.600,false,85918
696,1,45.0,22.1,17.990,-27.5,-0.435,0.100,0.600,false,86033
697,1,45.0,17.2,17.660,-31.6,-0.406,0.100,0.600,false,86139
698,1,45.0,12.5,17.390,-35.0,-0.383,0.100,0.600,false,86248
699,1,45.0,7.9,17.190,-38.0,-0.363,0.100,0.600,false,86361
700,1,45.0,3.9,17.070,-40.4,-0.348,0.100,0.600,false,86470
701,1,45.0,0.0,17.030,-41.9,-0.340,0.100,0.600,false,86576
702,1,45.0,0.0,17.030,34.9,-0.682,0.100,0.600,false,86684
703,1,45.0,-0.0,17.030,34.9,-0.682,0.100,0.600,false,86794
704,1,45.0,-0.0,17.030,34.9,-0.682,0.100,0.600,false,86925
705,1,45.0,0.0,17.030,34.9,-0.682,0.100,0.600,false,87022
706,1,45.0,-0.0,17.030,34.9,-0.682,0.100,0.600,false,87132
707,1,45.0,0.0,17.030,34.9,-0.682,0.100,0.600,false,87243
708,1,45.0,0.0,17.030,34.9,-0.682,0.100,0.600,false,87357
709,1,45.0,-0.0,17.030,34.9,-0.682,0.100,0.600,false,87465
710,1,45.0,-0.0,17.030,34.9,-0.682,1.000,0.000,false,87576
711,1,45.0,0.7,17.030,-60.2,-0.259,1.000,0.000,false,87685
712,1,45.0,2.6,16.990,-47.8,-0.313,1.000,0.000,false,87795
713,1,45.0,4.4,16.920,-42.7,-0.333,1.000,0.000,false,87909
714,1,45.0,6.2,16.810,-43.6,-0.326,1.000,0.000,false,88021
715,1,45.0,8.0,16.650,-44.2,-0.318,1.000,0.000,false,88134
716,1,45.0,9.8,16.460,-45.0,-0.308,1.000,0.000,false,88247
717,1,45.0,11.6,16.220,-46.0,-0.296,1.000,0.000,false,88356
718,1,45.0,13.4,15.930,-47.0,-0.282,1.000,0.000,false,88465
719,1,45.0,15.1,15.600,-48.2,-0.266,1.000,0.000,false,88576
720,1,45.0,15.4,15.290,-49.2,-0.251,1.000,0.000,false,88683
721,1,45.0,17.0,14.900,-50.4,-0.233,1.000,0.000,false,88795
722,1,45.0,18.0,14.470,-51.6,-0.214,1.000,0.000,false,88907
723,1,45.0,19.6,14.000,-52.9,-0.193,1.000,0.000,false,89016
724,1,45.0,21.6,13.480,-54.1,-0.171,1.000,0.000,false,89125
725,1,45.0,23.2,12.900,-55.1,-0.148,1.000,0.000,false,89238
726,1,45.0,24.1,12.380,-56.0,-0.127,1.000,0.000,false,89345
727,1,45.0,26.1,11.730,-56.8,-0.102,1.000,0.000,false,89456
728,1,45.0,28.2,11.010,-57.5,-0.076,1.000,0.000,false,89566
729,1,45.0,30.3,10.230,-58.1,-0.048,1.000,0.000,false,89678
730,1,45.0,32.3,9.400,-58.5,-0.019,1.000,0.000,false,89787
731,1,45.0,33.4,8.640,-58.9,0.007,1.000,0.000,false,89894
732,1,45.0,34.7,7.730,-58.6,0.036,1.000,0.000,false,90007
733,1,45.0,36.0,6.790,-58.9,0.067,1.000,0.000,false,90116
734,1,45.3,38.0,5.800,-60.1,0.112,1.000,0.000,false,90225
735,1,45.3,39.9,4.750,-59.7,0.144,1.000,0.000,false,90336
736,1,45.3,41.8,3.660,-58.8,0.176,1.000,0.000,false,90448
737,1,45.3,43.3,2.700,-57.7,0.202,1.000,0.000,false,90556
738,1,45.3,45.2,1.550,-56.4,0.233,1.000,0.000,false,90664
739,1,45.3,47.0,0.370,-54.9,0.265,1.000,0.000,false,90773
740,1,45.3,48.8,-0.830,-53.1,0.296,1.000,0.000,false,90884
741,1,45.3,50.5,-2.040,-51.0,0.326,1.000,0.000,false,90997
742,1,45.3,52.0,-3.070,-48.9,0.350,1.000,0.000,false,91106
743,1,45.3,53.6,-4.270,-46.5,0.378,1.000,0.000,false,91218
744,1,45.3,55.3,-5.450,-43.6,0.404,1.000,0.000,false,91329
745,1,45.7,56.7,-6.610,-43.4,0.446,1.000,0.000,false,91442
746,1,45.7,58.3,-7.760,-39.8,0.467,1.000,0.000,false,91553
747,1,45.7,59.7,-8.850,-36.3,0.487,1.000,0.000,false,91668
748,1,45.7,61.0,-9.860,-32.3,0.502,1.000,0.000,false,91771
749,1,45.7,61.2,-10.640,-28.2,0.509,1.000,0.000,false,91879
750,1,45.7,59.8,-11.510,-23.8,0.518,1.000,0.000,false,92009
751,1,45.7,58.3,-12.130,-18.8,0.515,1.000,0.000,false,92123
752,1,46.1,56.3,-12.700,-18.3,0.529,1.000,0.000,false,92241
753,1,46.1,52.1,-13.030,-13.3,0.517,1.000,0.000,false,92340
754,1,46.1,47.1,-13.270,-8.6,0.504,1.000,0.000,false,92456
755,1,46.1,42.9,-13.350,-3.8,0.485,1.000,0.000,false,92561
756,1,46.1,37.9,-13.330,0.7,0.465,1.000,0.000,false,92679
757,1,46.1,32.8,-13.220,5.5,0.440,1.000,0.000,false,92790
758,1,46.1,33.2,-13.040,10.4,0.412,1.000,0.000,false,92893
759,1,46.1,33.8,-12.770,14.4,0.386,1.000,0.000,false,93004
760,1,46.1,34.5,-12.500,17.5,0.363,1.000,0.000,false,93113
761,1,46.5,34.6,-12.100,10.4,0.350,1.000,0.000,false,93222
762,1,46.5,36.0,-11.840,13.5,0.327,1.000,0.000,false,93332
763,1,46.5,36.5,-11.520,16.2,0.305,1.000,0.000,false,93444
764,1,46.5,38.2,-11.140,18.9,0.281,1.000,0.000,false,93552
765,1,46.5,39.2,-10.770,21.1,0.259,1.000,0.000,false,93661
766,1,46.5,40.2,-10.280,23.2,0.234,1.000,0.000,false,93770
767,1,46.5,40.7,-9.730,25.2,0.207,1.000,0.000,false,93880
768,1,46.5,40.0,-9.150,27.2,0.179,1.000,0.000,false,93993
769,1,46.5,39.5,-8.550,28.9,0.152,1.000,0.000,false,94102
770,1,46.5,39.8,-7.920,30.5,0.125,1.000,0.000,false,94214
771,1,46.5,40.0,-7.250,31.8,0.097,1.000,0.000,false,94329
772,1,46.9,39.9,-6.690,31.6,0.076,1.000,0.000,false,94432
773,1,46.9,39.8,-6.040,32.0,0.053,1.000,0.000,false,94542
774,1,46.9,40.1,-5.450,33.1,0.029,1.000,0.000,false,94652
775,1,46.9,40.6,-4.730,33.5,0.004,1.000,0.000,false,94777
776,1,46.9,41.5,-3.870,33.7,-0.025,1.000,0.000,false,94902
777,1,46.9,41.9,-3.080,33.7,-0.051,1.000,0.000,false,95012
778,1,47.3,56.0,4.580,31.9,-0.292,1.000,0.000,false,96098
779,1,47.7,57.8,5.510,29.5,-0.312,1.000,0.000,false,96220
780,1,47.7,59.4,6.400,27.8,-0.333,1.000,0.000,false,96330
781,1,47.7,60.8,7.100,25.7,-0.347,1.000,0.000,false,96438
782,1,47.7,62.5,8.000,23.1,-0.364,1.000,0.000,false,96553
783,1,47.7,63.8,8.590,20.3,-0.371,1.000,0.000,false,96659
784,1,47.7,65.0,9.150,17.5,-0.377,1.000,0.000,false,96770
785,1,48.1,66.3,9.660,14.4,-0.380,1.000,0.000,false,96882
786,1,48.1,66.5,10.050,10.6,-0.376,1.000,0.000,false,96992
787,1,48.1,65.3,10.300,7.1,-0.369,1.000,0.000,false,97103
788,1,48.1,63.9,10.420,3.4,-0.356,1.000,0.000,false,97210
789,1,48.1,62.6,10.410,-0.3,-0.339,1.000,0.000,false,97324
790,1,48.5,57.3,10.250,-4.1,-0.319,1.000,0.000,false,97456
791,1,48.5,52.2,9.970,-8.4,-0.291,1.000,0.000,false,97569
792,1,48.5,47.2,9.640,-12.3,-0.263,1.000,0.000,false,97685
793,1,48.5,42.2,9.260,-15.6,-0.236,1.000,0.000,false,97799
794,1,48.5,35.9,8.700,-18.8,-0.203,1.000,0.000,false,97954
795,1,48.5,31.6,8.370,-21.1,-0.182,1.000,0.000,false,98047
796,1,48.5,32.7,7.970,-23.4,-0.159,1.000,0.000,false,98158
797,1,48.8,33.0,7.550,-23.9,-0.146,1.000,0.000,false,98269
798,1,48.8,33.9,7.160,-25.5,-0.126,1.000,0.000,false,98378
799,1,48.8,34.7,6.680,-26.5,-0.106,1.000,0.000,false,98488
800,1,48.8,35.9,6.180,-27.4,-0.086,1.000,0.000,false,98601
801,1,48.8,37.7,5.630,-28.5,-0.063,1.000,0.000,false,98709
802,1,48.8,38.2,5.050,-29.1,-0.041,1.000,0.000,false,98819
803,1,48.8,40.0,4.440,-29.6,-0.019,1.000,0.000,false,98935
804,1,48.8,41.7,3.900,-29.8,-0.001,1.000,0.000,false,99039
805,1,48.8,43.5,3.230,-30.0,0.022,1.000,0.000,false,99150
806,1,48.8,45.4,2.540,-29.9,0.043,1.000,0.000,false,99262
807,1,49.2,47.1,1.820,-29.3,0.062,1.000,0.000,false,99377
808,1,49.2,47.8,1.100,-29.0,0.084,1.000,0.000,false,99482
809,1,49.2,49.6,0.380,-28.5,0.105,1.000,0.000,false,99594
810,1,49.2,51.2,-0.250,-27.8,0.123,1.000,0.000,false,99702
811,1,49.2,52.9,-1.000,-27.1,0.144,1.000,0.000,false,99812
812,1,49.2,54.7,-1.740,-26.1,0.164,1.000,0.000,false,99935
813,1,49.2,56.4,-2.490,-24.9,0.183,1.000,0.000,false,100040
814,1,49.6,58.1,-3.200,-22.8,0.195,1.000,0.000,false,100146
815,1,49.6,59.5,-3.770,-21.4,0.207,1.000,0.000,false,100254
816,1,49.6,61.2,-4.420,-19.9,0.221,1.000,0.000,false,100365
817,1,49.6,62.8,-5.020,-18.1,0.233,1.000,0.000,false,100477
818,1,49.6,64.4,-5.570,-16.1,0.242,1.000,0.000,false,100585
819,1,49.6,65.9,-6.060,-14.0,0.248,1.000,0.000,false,100697
820,1,50.0,67.5,-6.450,-10.4,0.244,1.000,0.000,false,100815
821,1,50.0,69.0,-6.750,-8.1,0.244,1.000,0.000,false,100921
822,1,50.0,-15.9,-6.400,45.3,-0.005,0.100,0.600,true,101033
823,1,50.0,-14.3,-6.010,127.3,-0.382,0.100,0.600,false,101142
824,1,50.0,-10.4,-5.690,129.7,-0.403,0.100,0.600,false,101252
825,1,50.0,-6.2,-5.500,135.6,-0.435,0.100,0.600,false,101363
826,1,50.0,-2.0,-5.400,136.6,-0.443,0.100,0.600,false,101470
827,1,50.0,-0.0,-5.390,135.8,-0.440,0.100,0.600,false,101581
828,1,50.0,-0.0,-5.390,17.4,0.086,0.100,0.600,false,101689
829,1,50.0,0.0,-5.390,-24.9,0.274,0.100,0.600,false,101800
830,1,50.0,-0.0,-5.390,-34.6,0.318,0.100,0.600,false,101910
831,1,50.0,-0.0,-5.390,-51.1,0.391,0.100,0.600,false,102026
832,1,50.0,-0.0,-5.390,-69.8,0.474,0.100,0.600,false,102130
833,1,50.0,-0.0,-5.390,-66.9,0.461,0.100,0.600,false,102238
834,1,50.0,0.0,-5.390,-56.0,0.413,0.100,0.600,false,102349
835,1,50.0,0.0,-5.390,-66.6,0.460,0.100,0.600,false,102462
836,1,50.0,0.0,-5.390,-68.2,0.467,0.100,0.600,false,102572
837,1,50.0,0.0,-5.390,-44.7,0.362,0.100,0.600,false,102680
838,1,50.0,0.0,-5.390,-67.0,0.462,0.100,0.600,false,102788
839,1,50.0,0.0,-5.390,-67.3,0.463,0.100,0.600,false,102905
840,1,50.0,-0.0,-5.390,-67.5,0.464,0.100,0.600,false,103010
841,1,50.0,0.0,-5.390,-67.7,0.465,0.100,0.600,false,103122
842,1,50.0,0.0,-5.390,-67.7,0.465,1.000,0.000,false,103237
843,1,50.0,1.0,-5.390,-18.1,0.244,1.000,0.000,false,103342
844,1,50.0,2.8,-5.410,-25.8,0.279,1.000,0.000,false,103454
845,1,50.0,4.3,-5.460,-26.4,0.283,1.000,0.000,false,103561
846,1,50.0,6.2,-5.530,-25.9,0.283,1.000,0.000,false,103674
847,1,50.0,7.9,-5.620,-25.4,0.284,1.000,0.000,false,103785
848,1,50.0,9.7,-5.730,-24.5,0.284,1.000,0.000,false,103897
849,1,50.0,11.5,-5.860,-23.5,0.284,1.000,0.000,false,104011
850,1,50.0,13.3,-6.010,-22.4,0.283,1.000,0.000,false,104124
851,1,50.0,-1.6,-5.990,15.3,0.115,0.100,0.600,true,104228
852,1,50.0,0.0,-5.980,154.3,-0.503,0.100,0.600,false,104337
853,1,50.0,0.0,-5.980,-27.5,0.305,0.100,0.600,false,104447
854,1,50.0,0.0,-5.980,-29.4,0.314,0.100,0.600,false,104558
855,1,50.0,0.0,-5.980,-24.8,0.293,0.100,0.600,false,104671
856,1,50.0,0.0,-5.980,-24.4,0.291,0.100,0.600,false,104784
857,1,50.0,0.0,-5.980,-26.3,0.300,0.100,0.600,false,104891
858,1,50.0,0.0,-5.980,-30.7,0.319,0.100,0.600,false,105001
859,1,50.0,0.0,-5.980,-20.3,0.273,0.100,0.600,false,105108
860,1,50.0,0.0,-5.980,-44.7,0.382,0.100,0.600,false,105215
861,1,50.0,0.0,-5.980,-18.2,0.264,0.100,0.600,false,105326
862,1,50.0,0.0,-5.980,-26.8,0.302,0.100,0.600,false,105439
863,1,50.0,0.0,-5.980,-13.8,0.244,0.100,0.600,false,105550
864,1,50.0,0.0,-5.980,-26.3,0.300,0.100,0.600,false,105659
865,1,50.0,0.0,-5.980,-27.3,0.304,0.100,0.600,false,105769
866,1,50.0,0.0,-5.980,-27.3,0.304,0.100,0.600,false,105882
867,1,50.0,0.0,-5.980,-27.3,0.304,0.100,0.600,false,105995
868,1,50.0,0.0,-5.980,-13.8,0.244,0.100,0.600,false,106101
869,1,50.0,0.0,-5.980,-26.8,0.302,0.100,0.600,false,106210
870,1,50.0,0.0,-5.980,-26.8,0.302,0.100,0.600,false,106317
871,1,50.0,-0.0,-5.980,-26.8,0.302,1.000,0.000,false,106430
872,1,50.0,1.0,-5.990,-17.4,0.261,1.000,0.000,false,106543
873,1,50.0,1.8,-6.000,-20.4,0.274,0.100,0.600,true,106654
874,1,50.0,0.0,-6.010,-3.4,0.199,0.100,0.600,true,106767
875,1,50.0,0.0,-6.000,52.5,-0.050,0.100,0.600,true,106876
876,1,50.0,0.0,-6.000,44.0,-0.012,0.100,0.600,true,106987
877,1,50.0,-0.0,-6.000,143.4,-0.454,0.100,0.600,true,107099
878,1,50.0,-0.0,-6.000,173.1,-0.586,0.100,0.600,true,107207
879,1,50.0,-0.0,-6.000,-169.0,0.935,0.100,0.600,true,107318
880,1,50.0,-0.0,-6.000,-166.3,0.923,0.100,0.600,true,107432
881,1,50.0,-0.0,-6.000,179.6,-0.615,0.100,0.600,true,107536
882,1,50.0,-0.0,-6.000,-177.7,0.973,0.100,0.600,true,107647
883,1,50.0,-0.0,-6.000,-155.2,0.873,0.100,0.600,true,107754
884,1,50.0,-0.0,-6.000,-150.9,0.854,0.100,0.600,true,107866
885,1,50.0,-0.0,-6.000,-154.7,0.871,0.100,0.600,true,107973
886,1,50.0,-0.0,-6.000,-154.1,0.868,0.100,0.600,true,108082
887,1,50.0,-0.0,-6.000,-149.5,0.848,0.100,0.600,true,108192
888,1,50.0,-0.0,-6.000,-149.0,0.846,0.100,0.600,true,108303
889,1,50.0,-0.0,-6.000,-154.2,0.869,0.100,0.600,true,108417
890,1,50.0,-0.0,-6.000,-151.1,0.855,0.100,0.600,true,108527
891,1,50.0,-0.0,-6.000,-149.8,0.849,0.100,0.600,true,108641
892,1,50.0,-0.0,-6.000,-147.2,0.838,0.100,0.600,true,108754
893,1,50.0,-0.0,-6.000,-161.3,0.900,0.100,0.600,true,108867
894,1,50.0,-0.0,-6.000,-153.2,0.864,0.100,0.600,true,108973
895,1,50.0,-0.0,-6.000,-153.2,0.864,0.100,0.600,true,109080
896,1,50.0,0.0,-6.000,-162.4,0.905,0.100,0.600,true,109189
897,1,50.0,0.0,-6.000,-111.5,0.679,0.100,0.600,true,109302
898,1,50.0,-0.0,-6.000,-129.8,0.760,0.100,0.600,true,109416
899,1,50.0,-0.0,-6.000,-142.9,0.819,0.100,0.600,true,109520
900,1,50.0,0.0,-6.000,-116.3,0.700,0.100,0.600,true,109632
901,1,50.0,0.0,-6.000,-123.4,0.732,0.100,0.600,true,109744
902,1,50.0,0.0,-6.000,-116.3,0.700,0.100,0.600,true,109856
903,1,50.0,0.0,-6.000,-128.4,0.754,0.100,0.600,false,109968
904,1,50.0,0.0,-6.000,-139.9,0.805,0.100,0.600,false,110073
905,1,50.0,-0.0,-6.000,-109.7,0.671,0.100,0.600,false,110758
906,1,50.0,0.0,-6.000,-138.5,0.799,0.100,0.600,false,110984
907,1,50.0,0.0,-6.000,-138.5,0.799,0.100,0.600,false,111090
908,1,50.0,-0.0,-6.000,-138.5,0.799,0.100,0.600,false,111196
909,1,50.0,-0.0,-6.000,-138.5,0.799,0.100,0.600,false,111315
910,1,50.0,0.0,-6.000,-138.5,0.799,0.100,0.600,false,111417
911,1,50.0,0.0,-6.000,-138.5,0.799,0.100,0.600,false,111524
912,1,50.0,-0.0,-6.000,-138.5,0.799,0.100,0.600,false,111633
913,1,50.0,-0.0,-6.000,-138.5,0.799,0.100,0.600,false,111746
914,1,50.0,-0.0,-6.000,-138.5,0.799,0.100,0.600,false,111859
915,1,50.0,0.0,-6.000,-138.5,0.799,0.100,0.600,false,111974
916,1,50.0,-0.0,-6.000,-138.5,0.799,0.100,0.600,false,112087
917,1,50.0,0.0,-6.000,-138.5,0.799,0.100,0.600,false,112192
918,1,50.0,-0.0,-6.000,-138.5,0.799,0.100,0.600,false,112300
919,1,50.0,0.0,-6.000,-138.5,0.799,0.100,0.600,false,112411
920,1,50.0,-0.0,-6.000,-138.5,0.799,0.100,0.600,false,112523
921,1,50.0,-0.0,-6.000,-138.5,0.799,0.100,0.600,false,112636
922,1,50.0,0.0,-6.000,-138.5,0.799,1.000,0.000,false,112748
923,1,50.0,0.0,-6.000,37.8,0.016,0.100,0.600,true,112851
924,1,50.0,0.0,-6.000,47.1,-0.026,0.100,0.600,true,112961
925,1,50.0,0.0,-6.000,50.9,-0.043,0.100,0.600,true,113071
926,1,50.0,-0.0,-6.000,163.2,-0.542,0.100,0.600,true,113183
927,1,50.0,0.0,-6.000,175.4,-0.596,0.100,0.600,true,113296
928,1,50.0,-0.0,-6.000,-167.4,0.928,0.100,0.600,true,113407
929,1,50.0,-0.0,-6.000,-164.1,0.913,0.100,0.600,true,113517
930,1,50.0,-0.0,-6.000,-179.2,0.980,0.100,0.600,true,113627
931,1,50.0,-0.0,-6.000,-172.0,0.948,0.100,0.600,true,113738
932,1,50.0,-0.0,-6.000,-171.8,0.947,0.100,0.600,true,113848
933,1,50.0,-0.0,-6.000,-153.5,0.866,0.100,0.600,true,113958
934,1,50.0,-0.0,-6.000,-157.7,0.884,0.100,0.600,true,114065
935,1,50.0,-0.0,-6.000,-153.2,0.864,0.100,0.600,true,114175
936,1,50.0,-0.0,-6.000,-152.5,0.861,0.100,0.600,true,114288
937,1,50.0,-0.0,-6.000,-152.4,0.861,0.100,0.600,true,114396
938,1,50.0,-0.0,-6.000,-146.0,0.832,0.100,0.600,true,114508
939,1,50.0,-0.0,-6.000,-157.1,0.882,0.100,0.600,true,114620
940,1,50.0,-0.0,-6.000,-150.4,0.852,0.100,0.600,true,114733
941,1,50.0,-0.0,-6.000,-137.2,0.793,0.100,0.600,true,114837
942,1,50.0,0.0,-6.000,123.4,-0.365,0.100,0.600,true,114968
943,1,50.0,0.0,-6.000,-72.6,0.506,0.100,0.600,false,115058
944,1,50.0,0.0,-6.000,-101.6,0.635,0.100,0.600,false,115174
945,1,50.0,0.0,-6.000,-102.0,0.637,0.100,0.600,false,115284
946,1,50.0,0.0,-6.000,-106.1,0.655,0.100,0.600,false,115389
947,1,50.0,0.0,-6.000,-102.1,0.637,0.100,0.600,false,115500
948,1,50.0,0.0,-6.000,-101.4,0.634,0.100,0.600,false,115615
949,1,50.0,0.0,-6.000,-116.3,0.700,0.100,0.600,false,115725
950,1,50.0,-0.0,-6.000,-101.9,0.636,0.100,0.600,false,115838
951,1,50.0,0.0,-6.000,-101.8,0.636,0.100,0.600,false,115952
952,1,50.0,0.0,-6.000,-101.7,0.636,0.100,0.600,false,116061
953,1,50.0,0.0,-6.000,-101.6,0.635,0.100,0.600,false,116172
954,1,50.0,0.0,-6.000,-101.6,0.635,0.100,0.600,false,116282
955,1,50.0,0.0,-6.000,-101.6,0.635,0.100,0.600,false,116390
956,1,50.0,-0.0,-6.000,-101.6,0.635,0.100,0.600,false,116504
957,1,50.0,0.0,-6.000,-101.6,0.635,0.100,0.600,false,116616
958,1,50.0,-0.0,-6.000,-101.6,0.635,0.100,0.600,false,116727
959,1,50.0,-0.0,-6.000,-101.6,0.635,0.100,0.600,false,116841
960,1,50.0,-0.0,-6.000,-101.6,0.635,0.100,0.600,false,116947
961,1,50.0,-0.0,-6.000,-101.6,0.635,0.100,0.600,false,117058
962,1,50.0,-0.0,-6.000,-101.6,0.635,1.000,0.000,false,117168
963,1,50.0,0.0,-6.000,34.9,0.028,0.100,0.600,true,117277
964,1,50.0,0.0,-6.000,42.8,-0.007,0.100,0.600,true,117390
965,1,50.0,-0.0,-6.000,54.0,-0.056,0.100,0.600,true,117495
966,1,50.0,-0.0,-6.000,168.2,-0.564,0.100,0.600,true,117607
967,1,50.0,0.0,-6.000,161.3,-0.533,0.100,0.600,true,117715
968,1,50.0,-0.0,-6.000,-177.1,0.971,0.100,0.600,true,117826
969,1,50.0,-0.0,-6.000,-179.4,0.981,0.100,0.600,true,117939
970,1,50.0,-0.0,-6.000,170.9,-0.576,0.100,0.600,true,118049
971,1,50.0,-0.0,-6.000,175.9,-0.598,0.100,0.600,true,118164
972,1,50.0,-0.0,-6.000,-166.3,0.923,0.100,0.600,true,118270
973,1,50.0,-0.0,-6.000,-155.2,0.873,0.100,0.600,true,118380
974,1,50.0,-0.0,-6.000,-150.0,0.850,0.100,0.600,true,118491
975,1,50.0,-0.0,-6.000,-151.4,0.856,0.100,0.600,true,118599
976,1,50.0,-0.0,-6.000,-155.9,0.876,0.100,0.600,true,118713
977,1,50.0,-0.0,-6.000,-149.5,0.848,0.100,0.600,true,118824
978,1,50.0,-0.0,-6.000,-146.5,0.835,0.100,0.600,true,118938
979,1,50.0,-0.0,-6.000,-153.2,0.864,0.100,0.600,true,119051
980,1,50.0,-0.0,-6.000,-168.4,0.932,0.100,0.600,true,119164
981,1,50.0,-0.0,-6.000,-142.9,0.819,0.100,0.600,true,119268
982,1,50.0,-0.0,-6.000,-150.4,0.852,0.100,0.600,true,119376
983,1,50.0,-0.0,-6.000,-154.7,0.871,0.100,0.600,true,119487
984,1,50.0,-0.0,-6.000,-146.0,0.832,0.100,0.600,true,119599
985,1,50.0,-0.0,-6.000,-179.7,0.982,0.100,0.600,true,119706
986,1,50.0,-0.0,-6.000,-179.7,0.982,0.100,0.600,true,119817
987,1,50.0,0.0,-6.000,-106.8,0.658,0.100,0.600,true,119929
988,1,50.0,0.0,-6.000,-125.0,0.739,0.100,0.600,false,120036
989,1,50.0,0.0,-6.000,-103.8,0.645,0.100,0.600,false,120148
990,1,50.0,0.0,-6.000,-138.6,0.800,0.100,0.600,false,120262
991,1,50.0,0.0,-6.000,-138.7,0.800,0.100,0.600,false,120366
992,1,50.0,0.0,-6.000,-138.1,0.797,0.100,0.600,false,120480
993,1,50.0,0.0,-6.000,-137.2,0.793,0.100,0.600,false,120587
994,1,50.0,0.0,-6.000,-137.2,0.793,0.100,0.600,false,120698
995,1,50.0,0.0,-6.000,-165.7,0.920,0.100,0.600,false,120812
996,1,50.0,0.0,-6.000,-138.0,0.797,0.100,0.600,false,120924
997,1,50.0,0.0,-6.000,-138.0,0.797,0.100,0.600,false,121037
998,1,50.0,0.0,-6.000,-138.0,0.797,0.100,0.600,false,121150
999,1,50.0,0.0,-6.000,-138.0,0.797,0.100,0.600,false,121262
1000,1,50.0,0.0,-6.000,-138.0,0.797,0.100,0.600,false,121371
1001,1,50.0,0.0,-6.000,-138.0,0.797,0.100,0.600,false,121482
1002,1,50.0,0.0,-6.000,-138.0,0.797,0.100,0.600,false,121594
1003,1,50.0,-0.0,-6.000,-138.0,0.797,0.100,0.600,false,121703
1004,1,50.0,-0.0,-6.000,-137.7,0.796,0.100,0.600,false,121811
1005,1,50.0,0.0,-6.000,-137.7,0.796,0.100,0.600,false,121921
1006,1,50.0,-0.0,-6.000,-137.7,0.796,0.100,0.600,false,122036
1007,1,50.0,-0.0,-6.000,-137.7,0.796,1.000,0.000,false,122149
1008,1,50.0,0.0,-6.000,37.6,0.016,0.100,0.600,true,122259
1009,1,50.0,0.0,-6.000,47.3,-0.027,0.100,0.600,true,122375
1010,1,50.0,-0.0,-6.000,50.1,-0.039,0.100,0.600,true,122479
1011,1,50.0,-0.0,-6.000,168.3,-0.564,0.100,0.600,true,122588
1012,1,50.0,0.0,-6.000,171.9,-0.580,0.100,0.600,true,122699
1013,1,50.0,-0.0,-6.000,-167.9,0.930,0.100,0.600,true,122811
1014,1,50.0,-0.0,-6.000,-165.3,0.918,0.100,0.600,true,122924
1015,1,50.0,-0.0,-6.000,179.4,-0.614,0.100,0.600,true,123037
1016,1,50.0,-0.0,-6.000,-176.7,0.969,0.100,0.600,true,123147
1017,1,50.0,-0.0,-6.000,-177.0,0.970,0.100,0.600,true,123253
1018,1,50.0,-0.0,-6.000,-154.7,0.871,0.100,0.600,true,123362
1019,1,50.0,-0.0,-6.000,-153.2,0.864,0.100,0.600,true,123472
1020,1,50.0,0.0,-6.000,-164.0,0.912,0.100,0.600,true,123587
1021,1,50.0,-0.0,-6.000,-159.2,0.891,0.100,0.600,true,123697
1022,1,50.0,-0.0,-6.000,-152.4,0.861,0.100,0.600,true,123806
1023,1,50.0,-0.0,-6.000,-146.9,0.836,0.100,0.600,true,123918
1024,1,50.0,0.0,-6.000,-160.1,0.895,0.100,0.600,true,124027
1025,1,50.0,-0.0,-6.000,-137.6,0.795,0.100,0.600,true,124137
1026,1,50.0,-0.0,-6.000,-141.7,0.813,0.100,0.600,true,124249
1027,1,50.0,-0.0,-6.000,-134.7,0.782,0.100,0.600,true,124362
1028,1,50.0,-0.0,-6.000,-134.7,0.782,0.100,0.600,true,124471
1029,1,50.0,-0.0,-6.000,-146.0,0.832,0.100,0.600,true,124582
1030,1,50.0,0.0,-6.000,-113.7,0.689,0.100,0.600,true,124688
1031,1,50.0,0.0,-6.000,-126.6,0.746,0.100,0.600,true,124796
1032,1,50.0,0.0,-6.000,-133.8,0.778,0.100,0.600,true,124977
1033,1,50.0,0.0,-6.000,-134.7,0.782,0.100,0.600,true,125082
1034,1,50.0,-0.0,-6.000,104.8,-0.282,0.100,0.600,true,126106
1035,1,50.0,0.0,-6.000,170.0,-0.572,0.100,0.600,false,126203
1036,1,50.0,-0.0,-6.000,-95.2,0.607,0.100,0.600,false,126310
1037,1,50.0,0.0,-6.000,-96.3,0.612,0.100,0.600,false,126485
1038,1,50.0,0.0,-6.000,-165.7,0.920,0.100,0.600,false,126535
1039,1,50.0,-0.0,-6.000,-163.4,0.910,0.100,0.600,false,126656
1040,1,50.0,-0.0,-6.000,-161.7,0.902,0.100,0.600,false,126817
1041,1,50.0,-0.0,-6.000,-160.6,0.897,0.100,0.600,false,126868
1042,1,50.0,-0.0,-6.000,-160.3,0.896,0.100,0.600,false,127035
1043,1,50.0,0.0,-6.000,-160.3,0.896,0.100,0.600,false,127096
1044,1,50.0,-0.0,-6.000,-159.7,0.893,0.100,0.600,false,127209
1045,1,50.0,0.0,-6.000,-159.7,0.893,0.100,0.600,false,127312
1046,1,50.0,-0.0,-6.000,-159.7,0.893,0.100,0.600,false,127423
1047,1,50.0,0.0,-6.000,-159.5,0.892,0.100,0.600,false,127539
1048,1,50.0,0.0,-6.000,-159.5,0.892,0.100,0.600,false,127651
1049,1,50.0,0.0,-6.000,-159.5,0.892,0.100,0.600,false,127767
1050,1,50.0,-0.0,-6.000,-159.5,0.892,0.100,0.600,false,127867
1051,1,50.0,0.0,-6.000,-159.5,0.892,0.100,0.600,false,128027
1052,1,50.0,0.0,-6.000,-159.5,0.892,0.100,0.600,false,128381
1053,1,50.0,-0.0,-6.000,-159.5,0.892,0.100,0.600,false,128523
1054,1,50.0,0.0,-6.000,-159.5,0.892,1.000,0.000,false,128822
1055,1,50.0,0.0,-5.990,44.6,-0.015,0.100,0.600,true,129209
1056,1,50.0,0.0,-5.990,54.3,-0.058,0.100,0.600,true,129317
1057,1,50.0,0.0,-5.990,55.7,-0.064,0.100,0.600,true,129389
1058,1,50.0,0.0,-5.990,-130.8,0.765,0.100,0.600,true,129500
1059,1,50.0,-0.0,-5.990,20.3,0.093,0.100,0.600,true,129616
1060,1,50.0,0.0,-5.990,52.4,-0.050,0.100,0.600,true,129723
1061,1,50.0,0.0,-5.990,151.1,-0.488,0.100,0.600,true,129828
1062,1,50.0,0.0,-5.990,-161.3,0.900,0.100,0.600,true,130344
1063,1,50.0,-0.0,-5.990,-168.8,0.933,0.100,0.600,true,131174
1064,1,50.0,-0.0,-5.990,-139.9,0.805,0.100,0.600,true,131241
1065,1,50.0,-0.0,-5.990,-164.7,0.915,0.100,0.600,true,131354
1066,1,50.0,0.0,-5.990,-111.8,0.680,0.100,0.600,true,131471
1067,1,50.0,0.0,-5.990,-111.3,0.678,0.100,0.600,false,131573
1068,1,50.0,0.0,-5.990,-110.0,0.672,0.100,0.600,false,131688
1069,1,50.0,0.0,-5.990,-110.0,0.672,0.100,0.600,false,131795
1070,1,50.0,0.0,-5.990,-110.0,0.672,0.100,0.600,false,131966
1071,1,50.0,0.0,-5.990,-116.3,0.700,0.100,0.600,false,132286
1072,1,50.0,0.0,-5.990,-102.3,0.638,0.100,0.600,false,132509
1073,1,50.0,0.0,-5.990,-111.2,0.677,0.100,0.600,false,132583
1074,1,50.0,0.0,-5.990,-165.7,0.920,0.100,0.600,false,132698
1075,1,50.0,0.0,-5.990,-117.1,0.704,0.100,0.600,false,132807
1076,1,50.0,0.0,-5.990,-117.1,0.704,0.100,0.600,false,132916
1077,1,50.0,-0.0,-5.990,-117.1,0.704,0.100,0.600,false,133027
1078,1,50.0,0.0,-5.990,-117.1,0.704,0.100,0.600,false,133153
1079,1,50.0,0.0,-5.990,-117.1,0.704,0.100,0.600,false,133260
1080,1,50.0,-0.0,-5.990,-117.1,0.704,0.100,0.600,false,133367
1081,1,50.0,-0.0,-5.990,-117.1,0.704,0.100,0.600,false,133479
1082,1,50.0,0.0,-5.990,-117.1,0.704,0.100,0.600,false,133596
1083,1,50.0,0.0,-5.990,-117.1,0.704,0.100,0.600,false,133719
1084,1,50.0,-0.0,-5.990,-117.1,0.704,0.100,0.600,false,133828
1085,1,50.0,-0.0,-5.990,-117.1,0.704,0.100,0.600,false,133931
1086,1,50.0,-0.0,-5.990,-117.1,0.704,1.000,0.000,false,134045
1087,1,50.0,0.0,-5.990,36.4,0.021,0.100,0.600,true,134176
1088,1,50.0,0.0,-5.980,43.8,-0.012,0.100,0.600,true,134278
1089,1,50.0,-0.0,-5.980,76.0,-0.155,0.100,0.600,true,134388
1090,1,50.0,-0.0,-5.980,166.3,-0.556,0.100,0.600,true,134533
1091,1,50.0,0.0,-5.980,176.3,-0.601,0.100,0.600,true,134699
1092,1,50.0,-0.0,-5.980,-129.7,0.759,0.100,0.600,true,134798
1093,1,50.0,-0.0,-5.980,-161.3,0.900,0.100,0.600,true,134912
1094,1,50.0,0.0,-5.980,136.6,-0.424,0.100,0.600,true,135014
1095,1,50.0,-0.0,-5.980,145.1,-0.462,0.100,0.600,true,135122
1096,1,50.0,-0.0,-5.980,-155.3,0.873,0.100,0.600,true,135233
1097,1,50.0,-0.0,-5.980,-175.7,0.964,0.100,0.600,true,135343
1098,1,50.0,0.0,-5.980,-179.2,0.979,0.100,0.600,true,135458
1099,1,50.0,0.0,-5.980,-112.3,0.682,0.100,0.600,true,135599
1100,1,50.0,0.0,-5.980,-112.6,0.683,0.100,0.600,true,135715
1101,1,50.0,-0.0,-5.980,-124.0,0.734,0.100,0.600,true,135823
1102,1,50.0,0.0,-5.980,-113.2,0.686,0.100,0.600,true,135937
1103,1,50.0,0.0,-5.980,-104.2,0.646,0.100,0.600,false,136039
1104,1,50.0,0.0,-5.980,-114.3,0.691,0.100,0.600,false,136153
1105,1,50.0,0.0,-5.980,-117.3,0.704,0.100,0.600,false,136266
1106,1,50.0,0.0,-5.980,-115.0,0.694,0.100,0.600,false,136381
1107,1,50.0,0.0,-5.980,-128.4,0.754,0.100,0.600,false,136486
1108,1,50.0,0.0,-5.980,-114.9,0.694,0.100,0.600,false,136596
1109,1,50.0,0.0,-5.980,-114.8,0.693,0.100,0.600,false,136705
1110,1,50.0,0.0,-5.980,-114.7,0.693,0.100,0.600,false,136813
1111,1,50.0,0.0,-5.980,-165.7,0.919,0.100,0.600,false,136961
1112,1,50.0,-0.0,-5.980,-115.0,0.694,0.100,0.600,false,137063
1113,1,50.0,-0.0,-5.980,-115.0,0.694,0.100,0.600,false,137175
1114,1,50.0,-0.0,-5.980,-115.0,0.694,0.100,0.600,false,137283
1115,1,50.0,-0.0,-5.980,-115.0,0.694,0.100,0.600,false,137394
1116,1,50.0,-0.0,-5.980,-115.0,0.694,0.100,0.600,false,137506
1117,1,50.0,-0.0,-5.980,-115.0,0.694,0.100,0.600,false,137736
1118,1,50.0,-0.0,-5.980,-115.0,0.694,0.100,0.600,false,138139
